year,month,day,coll_date,quadrat,sampler,species,Count,location,transect,latitude,longitude,sample range,reference
1931,May,17,,27,Hewatt,Acanthina punctulata,0,"2mi east of Lighthouse Point, Monterey Bay","Intertidal zone directly north of Jacques Loeb Lab at Hopkins Marine Station, 108 yard long, 1 yard wide, Bearing N. 38° E",36° 37' N,121° 54' W,2ft below sea level - 7ft above sea level,Willis G. Hewatt (1937)
1931,May,17,,27,Hewatt,Alloioplana californica,0,"2mi east of Lighthouse Point, Monterey Bay","Intertidal zone directly north of Jacques Loeb Lab at Hopkins Marine Station, 108 yard long, 1 yard wide, Bearing N. 38° E",36° 37' N,121° 54' W,2ft below sea level - 7ft above sea level,Willis G. Hewatt (1937)
1931,May,17,,27,Hewatt,Alpheus clamator,0,"2mi east of Lighthouse Point, Monterey Bay","Intertidal zone directly north of Jacques Loeb Lab at Hopkins Marine Station, 108 yard long, 1 yard wide, Bearing N. 38° E",36° 37' N,121° 54' W,2ft below sea level - 7ft above sea level,Willis G. Hewatt (1937)
1931,May,17,,27,Hewatt,Amphiodia occidentalis,0,"2mi east of Lighthouse Point, Monterey Bay","Intertidal zone directly north of Jacques Loeb Lab at Hopkins Marine Station, 108 yard long, 1 yard wide, Bearing N. 38° E",36° 37' N,121° 54' W,2ft below sea level - 7ft above sea level,Willis G. Hewatt (1937)
1931,May,17,,27,Hewatt,Amphipholis pugetana,0,"2mi east of Lighthouse Point, Monterey Bay","Intertidal zone directly north of Jacques Loeb Lab at Hopkins Marine Station, 108 yard long, 1 yard wide, Bearing N. 38° E",36° 37' N,121° 54' W,2ft below sea level - 7ft above sea level,Willis G. Hewatt (1937)
1931,May,17,,27,Hewatt,Amphissa columbiana,0,"2mi east of Lighthouse Point, Monterey Bay","Intertidal zone directly north of Jacques Loeb Lab at Hopkins Marine Station, 108 yard long, 1 yard wide, Bearing N. 38° E",36° 37' N,121° 54' W,2ft below sea level - 7ft above sea level,Willis G. Hewatt (1937)
1931,May,17,,27,Hewatt,Amphissa versicolor,0,"2mi east of Lighthouse Point, Monterey Bay","Intertidal zone directly north of Jacques Loeb Lab at Hopkins Marine Station, 108 yard long, 1 yard wide, Bearing N. 38° E",36° 37' N,121° 54' W,2ft below sea level - 7ft above sea level,Willis G. Hewatt (1937)
1931,May,17,,27,Hewatt,Anisodoris nobilis,0,"2mi east of Lighthouse Point, Monterey Bay","Intertidal zone directly north of Jacques Loeb Lab at Hopkins Marine Station, 108 yard long, 1 yard wide, Bearing N. 38° E",36° 37' N,121° 54' W,2ft below sea level - 7ft above sea level,Willis G. Hewatt (1937)
1931,May,17,,27,Hewatt,Anthopleura elegantissima,2,"2mi east of Lighthouse Point, Monterey Bay","Intertidal zone directly north of Jacques Loeb Lab at Hopkins Marine Station, 108 yard long, 1 yard wide, Bearing N. 38° E",36° 37' N,121° 54' W,2ft below sea level - 7ft above sea level,Willis G. Hewatt (1937)
1931,May,17,,27,Hewatt,Anthopleura sola,0,"2mi east of Lighthouse Point, Monterey Bay","Intertidal zone directly north of Jacques Loeb Lab at Hopkins Marine Station, 108 yard long, 1 yard wide, Bearing N. 38° E",36° 37' N,121° 54' W,2ft below sea level - 7ft above sea level,Willis G. Hewatt (1937)
1931,May,17,,27,Hewatt,Anthopleura xanthogrammica,0,"2mi east of Lighthouse Point, Monterey Bay","Intertidal zone directly north of Jacques Loeb Lab at Hopkins Marine Station, 108 yard long, 1 yard wide, Bearing N. 38° E",36° 37' N,121° 54' W,2ft below sea level - 7ft above sea level,Willis G. Hewatt (1937)
1931,May,17,,27,Hewatt,Aplidium californicum,0,"2mi east of Lighthouse Point, Monterey Bay","Intertidal zone directly north of Jacques Loeb Lab at Hopkins Marine Station, 108 yard long, 1 yard wide, Bearing N. 38° E",36° 37' N,121° 54' W,2ft below sea level - 7ft above sea level,Willis G. Hewatt (1937)
1931,May,17,,27,Hewatt,Arabella iricolor,0,"2mi east of Lighthouse Point, Monterey Bay","Intertidal zone directly north of Jacques Loeb Lab at Hopkins Marine Station, 108 yard long, 1 yard wide, Bearing N. 38° E",36° 37' N,121° 54' W,2ft below sea level - 7ft above sea level,Willis G. Hewatt (1937)
1931,May,17,,27,Hewatt,Archidistoma molle,0,"2mi east of Lighthouse Point, Monterey Bay","Intertidal zone directly north of Jacques Loeb Lab at Hopkins Marine Station, 108 yard long, 1 yard wide, Bearing N. 38° E",36° 37' N,121° 54' W,2ft below sea level - 7ft above sea level,Willis G. Hewatt (1937)
1931,May,18,,27,Hewatt,Asterina miniata,0,"2mi east of Lighthouse Point, Monterey Bay","Intertidal zone directly north of Jacques Loeb Lab at Hopkins Marine Station, 108 yard long, 1 yard wide, Bearing N. 38° E",36° 37' N,121° 54' W,2ft below sea level - 7ft above sea level,Willis G. Hewatt (1937)
1931,May,18,,27,Hewatt,Atylopsis spp,C,"2mi east of Lighthouse Point, Monterey Bay","Intertidal zone directly north of Jacques Loeb Lab at Hopkins Marine Station, 108 yard long, 1 yard wide, Bearing N. 38° E",36° 37' N,121° 54' W,2ft below sea level - 7ft above sea level,Willis G. Hewatt (1937)
1931,May,18,,27,Hewatt,Balanophyllia elegans,0,"2mi east of Lighthouse Point, Monterey Bay","Intertidal zone directly north of Jacques Loeb Lab at Hopkins Marine Station, 108 yard long, 1 yard wide, Bearing N. 38° E",36° 37' N,121° 54' W,2ft below sea level - 7ft above sea level,Willis G. Hewatt (1937)
1931,May,18,,27,Hewatt,Balanus glandula,0,"2mi east of Lighthouse Point, Monterey Bay","Intertidal zone directly north of Jacques Loeb Lab at Hopkins Marine Station, 108 yard long, 1 yard wide, Bearing N. 38° E",36° 37' N,121° 54' W,2ft below sea level - 7ft above sea level,Willis G. Hewatt (1937)
1931,May,18,,27,Hewatt,Betaeus harfordi,0,"2mi east of Lighthouse Point, Monterey Bay","Intertidal zone directly north of Jacques Loeb Lab at Hopkins Marine Station, 108 yard long, 1 yard wide, Bearing N. 38° E",36° 37' N,121° 54' W,2ft below sea level - 7ft above sea level,Willis G. Hewatt (1937)
1931,May,18,,27,Hewatt,Bittium eschrichtii,0,"2mi east of Lighthouse Point, Monterey Bay","Intertidal zone directly north of Jacques Loeb Lab at Hopkins Marine Station, 108 yard long, 1 yard wide, Bearing N. 38° E",36° 37' N,121° 54' W,2ft below sea level - 7ft above sea level,Willis G. Hewatt (1937)
1931,May,18,,27,Hewatt,Calliostoma canaliculatum,0,"2mi east of Lighthouse Point, Monterey Bay","Intertidal zone directly north of Jacques Loeb Lab at Hopkins Marine Station, 108 yard long, 1 yard wide, Bearing N. 38° E",,,2ft below sea level - 7ft above sea level,Willis G. Hewatt (1937)
1931,May,18,,27,Hewatt,Calliostoma ligatum,0,"2mi east of Lighthouse Point, Monterey Bay","Intertidal zone directly north of Jacques Loeb Lab at Hopkins Marine Station, 108 yard long, 1 yard wide, Bearing N. 38° E",36° 37' N,121° 54' W,2ft below sea level - 7ft above sea level,Willis G. Hewatt (1937)
1931,May,18,,27,Hewatt,Cancer antennarius,0,"2mi east of Lighthouse Point, Monterey Bay","Intertidal zone directly north of Jacques Loeb Lab at Hopkins Marine Station, 108 yard long, 1 yard wide, Bearing N. 38° E",36° 37' N,121° 54' W,2ft below sea level - 7ft above sea level,Willis G. Hewatt (1937)
1931,May,18,,27,Hewatt,Cancer jordani,0,"2mi east of Lighthouse Point, Monterey Bay","Intertidal zone directly north of Jacques Loeb Lab at Hopkins Marine Station, 108 yard long, 1 yard wide, Bearing N. 38° E",36° 37' N,121° 54' W,2ft below sea level - 7ft above sea level,Willis G. Hewatt (1937)
1931,May,18,,27,Hewatt,Cancer productus,0,"2mi east of Lighthouse Point, Monterey Bay","Intertidal zone directly north of Jacques Loeb Lab at Hopkins Marine Station, 108 yard long, 1 yard wide, Bearing N. 38° E",36° 37' N,121° 54' W,2ft below sea level - 7ft above sea level,Willis G. Hewatt (1937)
1931,May,18,,27,Hewatt,Caprella spp,0,"2mi east of Lighthouse Point, Monterey Bay","Intertidal zone directly north of Jacques Loeb Lab at Hopkins Marine Station, 108 yard long, 1 yard wide, Bearing N. 38° E",36° 37' N,121° 54' W,2ft below sea level - 7ft above sea level,Willis G. Hewatt (1937)
1931,May,18,,27,Hewatt,Ceratostoma foliatum,0,"2mi east of Lighthouse Point, Monterey Bay","Intertidal zone directly north of Jacques Loeb Lab at Hopkins Marine Station, 108 yard long, 1 yard wide, Bearing N. 38° E",36° 37' N,121° 54' W,2ft below sea level - 7ft above sea level,Willis G. Hewatt (1937)
1931,May,19,,27,Hewatt,Chaetopleura gemma,0,"2mi east of Lighthouse Point, Monterey Bay","Intertidal zone directly north of Jacques Loeb Lab at Hopkins Marine Station, 108 yard long, 1 yard wide, Bearing N. 38° E",36° 37' N,121° 54' W,2ft below sea level - 7ft above sea level,Willis G. Hewatt (1937)
1931,May,19,,27,Hewatt,Chama pellucida,0,"2mi east of Lighthouse Point, Monterey Bay","Intertidal zone directly north of Jacques Loeb Lab at Hopkins Marine Station, 108 yard long, 1 yard wide, Bearing N. 38° E",36° 37' N,121° 54' W,2ft below sea level - 7ft above sea level,Willis G. Hewatt (1937)
1931,May,19,,27,Hewatt,Chthamalus spp,0,"2mi east of Lighthouse Point, Monterey Bay","Intertidal zone directly north of Jacques Loeb Lab at Hopkins Marine Station, 108 yard long, 1 yard wide, Bearing N. 38° E",36° 37' N,121° 54' W,2ft below sea level - 7ft above sea level,Willis G. Hewatt (1937)
1931,May,19,,27,Hewatt,Cirolana harfordi,A,"2mi east of Lighthouse Point, Monterey Bay","Intertidal zone directly north of Jacques Loeb Lab at Hopkins Marine Station, 108 yard long, 1 yard wide, Bearing N. 38° E",36° 37' N,121° 54' W,2ft below sea level - 7ft above sea level,Willis G. Hewatt (1937)
1931,May,19,,27,Hewatt,Clavelina huntsmani,0,"2mi east of Lighthouse Point, Monterey Bay","Intertidal zone directly north of Jacques Loeb Lab at Hopkins Marine Station, 108 yard long, 1 yard wide, Bearing N. 38° E",36° 37' N,121° 54' W,2ft below sea level - 7ft above sea level,Willis G. Hewatt (1937)
1931,May,19,,27,Hewatt,Corynactis californica,0,"2mi east of Lighthouse Point, Monterey Bay","Intertidal zone directly north of Jacques Loeb Lab at Hopkins Marine Station, 108 yard long, 1 yard wide, Bearing N. 38° E",36° 37' N,121° 54' W,2ft below sea level - 7ft above sea level,Willis G. Hewatt (1937)
1931,May,19,,27,Hewatt,Coryphella trilineata,0,"2mi east of Lighthouse Point, Monterey Bay","Intertidal zone directly north of Jacques Loeb Lab at Hopkins Marine Station, 108 yard long, 1 yard wide, Bearing N. 38° E",36° 37' N,121° 54' W,2ft below sea level - 7ft above sea level,Willis G. Hewatt (1937)
1931,May,19,,27,Hewatt,Crepidula adunca,8,"2mi east of Lighthouse Point, Monterey Bay","Intertidal zone directly north of Jacques Loeb Lab at Hopkins Marine Station, 108 yard long, 1 yard wide, Bearing N. 38° E",36° 37' N,121° 54' W,2ft below sea level - 7ft above sea level,Willis G. Hewatt (1937)
1931,May,19,,27,Hewatt,Cryptolithodes sitchensis,0,"2mi east of Lighthouse Point, Monterey Bay","Intertidal zone directly north of Jacques Loeb Lab at Hopkins Marine Station, 108 yard long, 1 yard wide, Bearing N. 38° E",36° 37' N,121° 54' W,2ft below sea level - 7ft above sea level,Willis G. Hewatt (1937)
1931,May,20,,27,Hewatt,Cryptosula pallasiana,0,"2mi east of Lighthouse Point, Monterey Bay","Intertidal zone directly north of Jacques Loeb Lab at Hopkins Marine Station, 108 yard long, 1 yard wide, Bearing N. 38° E",36° 37' N,121° 54' W,2ft below sea level - 7ft above sea level,Willis G. Hewatt (1937)
1931,May,20,,27,Hewatt,Cuthona lagunae,0,"2mi east of Lighthouse Point, Monterey Bay","Intertidal zone directly north of Jacques Loeb Lab at Hopkins Marine Station, 108 yard long, 1 yard wide, Bearing N. 38° E",36° 37' N,121° 54' W,2ft below sea level - 7ft above sea level,Willis G. Hewatt (1937)
1931,May,20,,27,Hewatt,Cyanoplax hartwegii,3,"2mi east of Lighthouse Point, Monterey Bay","Intertidal zone directly north of Jacques Loeb Lab at Hopkins Marine Station, 108 yard long, 1 yard wide, Bearing N. 38° E",36° 37' N,121° 54' W,2ft below sea level - 7ft above sea level,Willis G. Hewatt (1937)
1931,May,20,,27,Hewatt,Dendronotus iris,0,"2mi east of Lighthouse Point, Monterey Bay","Intertidal zone directly north of Jacques Loeb Lab at Hopkins Marine Station, 108 yard long, 1 yard wide, Bearing N. 38° E",36° 37' N,121° 54' W,2ft below sea level - 7ft above sea level,Willis G. Hewatt (1937)
1931,May,20,,27,Hewatt,Doriopsilla albopunctata,0,"2mi east of Lighthouse Point, Monterey Bay","Intertidal zone directly north of Jacques Loeb Lab at Hopkins Marine Station, 108 yard long, 1 yard wide, Bearing N. 38° E",36° 37' N,121° 54' W,2ft below sea level - 7ft above sea level,Willis G. Hewatt (1937)
1931,May,20,,27,Hewatt,Emplectonema gracile,0,"2mi east of Lighthouse Point, Monterey Bay","Intertidal zone directly north of Jacques Loeb Lab at Hopkins Marine Station, 108 yard long, 1 yard wide, Bearing N. 38° E",36° 37' N,121° 54' W,2ft below sea level - 7ft above sea level,Willis G. Hewatt (1937)
1931,May,20,,27,Hewatt,Epiactis prolifera,0,"2mi east of Lighthouse Point, Monterey Bay","Intertidal zone directly north of Jacques Loeb Lab at Hopkins Marine Station, 108 yard long, 1 yard wide, Bearing N. 38° E",36° 37' N,121° 54' W,2ft below sea level - 7ft above sea level,Willis G. Hewatt (1937)
1931,May,20,,27,Hewatt,Epilucina californica,0,"2mi east of Lighthouse Point, Monterey Bay","Intertidal zone directly north of Jacques Loeb Lab at Hopkins Marine Station, 108 yard long, 1 yard wide, Bearing N. 38° E",36° 37' N,121° 54' W,2ft below sea level - 7ft above sea level,Willis G. Hewatt (1937)
1931,May,20,,27,Hewatt,Epitonium tinctum,0,"2mi east of Lighthouse Point, Monterey Bay","Intertidal zone directly north of Jacques Loeb Lab at Hopkins Marine Station, 108 yard long, 1 yard wide, Bearing N. 38° E",36° 37' N,121° 54' W,2ft below sea level - 7ft above sea level,Willis G. Hewatt (1937)
1931,May,20,,27,Hewatt,Erato vitellina,0,"2mi east of Lighthouse Point, Monterey Bay","Intertidal zone directly north of Jacques Loeb Lab at Hopkins Marine Station, 108 yard long, 1 yard wide, Bearing N. 38° E",36° 37' N,121° 54' W,2ft below sea level - 7ft above sea level,Willis G. Hewatt (1937)
1931,May,20,,27,Hewatt,Fissurella volcano,0,"2mi east of Lighthouse Point, Monterey Bay","Intertidal zone directly north of Jacques Loeb Lab at Hopkins Marine Station, 108 yard long, 1 yard wide, Bearing N. 38° E",36° 37' N,121° 54' W,2ft below sea level - 7ft above sea level,Willis G. Hewatt (1937)
1931,May,20,,27,Hewatt,Fusinus luteopictus,0,"2mi east of Lighthouse Point, Monterey Bay","Intertidal zone directly north of Jacques Loeb Lab at Hopkins Marine Station, 108 yard long, 1 yard wide, Bearing N. 38° E",36° 37' N,121° 54' W,2ft below sea level - 7ft above sea level,Willis G. Hewatt (1937)
1931,May,20,,27,Hewatt,Glycera americana,0,"2mi east of Lighthouse Point, Monterey Bay","Intertidal zone directly north of Jacques Loeb Lab at Hopkins Marine Station, 108 yard long, 1 yard wide, Bearing N. 38° E",36° 37' N,121° 54' W,2ft below sea level - 7ft above sea level,Willis G. Hewatt (1937)
1931,May,20,,27,Hewatt,Haliotis cracherodii,0,"2mi east of Lighthouse Point, Monterey Bay","Intertidal zone directly north of Jacques Loeb Lab at Hopkins Marine Station, 108 yard long, 1 yard wide, Bearing N. 38° E",36° 37' N,121° 54' W,2ft below sea level - 7ft above sea level,Willis G. Hewatt (1937)
1931,May,20,,27,Hewatt,Halosydna insignis,0,"2mi east of Lighthouse Point, Monterey Bay","Intertidal zone directly north of Jacques Loeb Lab at Hopkins Marine Station, 108 yard long, 1 yard wide, Bearing N. 38° E",36° 37' N,121° 54' W,2ft below sea level - 7ft above sea level,Willis G. Hewatt (1937)
1931,May,20,,27,Hewatt,Hapalogaster cavicauda,0,"2mi east of Lighthouse Point, Monterey Bay","Intertidal zone directly north of Jacques Loeb Lab at Hopkins Marine Station, 108 yard long, 1 yard wide, Bearing N. 38° E",36° 37' N,121° 54' W,2ft below sea level - 7ft above sea level,Willis G. Hewatt (1937)
1931,May,20,,27,Hewatt,Hemigrapsus nudus,0,"2mi east of Lighthouse Point, Monterey Bay","Intertidal zone directly north of Jacques Loeb Lab at Hopkins Marine Station, 108 yard long, 1 yard wide, Bearing N. 38° E",36° 37' N,121° 54' W,2ft below sea level - 7ft above sea level,Willis G. Hewatt (1937)
1931,5,25,,27,Hewatt,Henricia leviuscula,0,"2mi east of Lighthouse Point, Monterey Bay","Intertidal zone directly north of Jacques Loeb Lab at Hopkins Marine Station, 108 yard long, 1 yard wide, Bearing N. 38° E",36° 37' N,121° 54' W,2ft below sea level - 7ft above sea level,Willis G. Hewatt (1937)
1931,5,25,,27,Hewatt,Heptacarpus pictus,0,"2mi east of Lighthouse Point, Monterey Bay","Intertidal zone directly north of Jacques Loeb Lab at Hopkins Marine Station, 108 yard long, 1 yard wide, Bearing N. 38° E",36° 37' N,121° 54' W,2ft below sea level - 7ft above sea level,Willis G. Hewatt (1937)
1931,5,25,,27,Hewatt,Hermissenda crassicornis,0,"2mi east of Lighthouse Point, Monterey Bay","Intertidal zone directly north of Jacques Loeb Lab at Hopkins Marine Station, 108 yard long, 1 yard wide, Bearing N. 38° E",36° 37' N,121° 54' W,2ft below sea level - 7ft above sea level,Willis G. Hewatt (1937)
1931,5,25,,27,Hewatt,Hinnites giganteus,0,"2mi east of Lighthouse Point, Monterey Bay","Intertidal zone directly north of Jacques Loeb Lab at Hopkins Marine Station, 108 yard long, 1 yard wide, Bearing N. 38° E",36° 37' N,121° 54' W,2ft below sea level - 7ft above sea level,Willis G. Hewatt (1937)
1931,5,25,,27,Hewatt,Hipponix cranioides,0,"2mi east of Lighthouse Point, Monterey Bay","Intertidal zone directly north of Jacques Loeb Lab at Hopkins Marine Station, 108 yard long, 1 yard wide, Bearing N. 38° E",36° 37' N,121° 54' W,2ft below sea level - 7ft above sea level,Willis G. Hewatt (1937)
1931,5,25,,27,Hewatt,Homalopoma luridum,0,"2mi east of Lighthouse Point, Monterey Bay","Intertidal zone directly north of Jacques Loeb Lab at Hopkins Marine Station, 108 yard long, 1 yard wide, Bearing N. 38° E",36° 37' N,121° 54' W,2ft below sea level - 7ft above sea level,Willis G. Hewatt (1937)
1931,5,25,,27,Hewatt,Hopkinsia rosacea,0,"2mi east of Lighthouse Point, Monterey Bay","Intertidal zone directly north of Jacques Loeb Lab at Hopkins Marine Station, 108 yard long, 1 yard wide, Bearing N. 38° E",36° 37' N,121° 54' W,2ft below sea level - 7ft above sea level,Willis G. Hewatt (1937)
1931,5,25,,27,Hewatt,Idotea urotoma,0,"2mi east of Lighthouse Point, Monterey Bay","Intertidal zone directly north of Jacques Loeb Lab at Hopkins Marine Station, 108 yard long, 1 yard wide, Bearing N. 38° E",36° 37' N,121° 54' W,2ft below sea level - 7ft above sea level,Willis G. Hewatt (1937)
1931,5,25,,27,Hewatt,Kellia laperousii,0,"2mi east of Lighthouse Point, Monterey Bay","Intertidal zone directly north of Jacques Loeb Lab at Hopkins Marine Station, 108 yard long, 1 yard wide, Bearing N. 38° E",36° 37' N,121° 54' W,2ft below sea level - 7ft above sea level,Willis G. Hewatt (1937)
1931,5,25,,27,Hewatt,Lacuna marmorata,0,"2mi east of Lighthouse Point, Monterey Bay","Intertidal zone directly north of Jacques Loeb Lab at Hopkins Marine Station, 108 yard long, 1 yard wide, Bearing N. 38° E",36° 37' N,121° 54' W,2ft below sea level - 7ft above sea level,Willis G. Hewatt (1937)
1931,5,25,,27,Hewatt,Laila cockerelli,0,"2mi east of Lighthouse Point, Monterey Bay","Intertidal zone directly north of Jacques Loeb Lab at Hopkins Marine Station, 108 yard long, 1 yard wide, Bearing N. 38° E",36° 37' N,121° 54' W,2ft below sea level - 7ft above sea level,Willis G. Hewatt (1937)
1931,5,26,,27,Hewatt,Lepidozona mertensii,0,"2mi east of Lighthouse Point, Monterey Bay","Intertidal zone directly north of Jacques Loeb Lab at Hopkins Marine Station, 108 yard long, 1 yard wide, Bearing N. 38° E",36° 37' N,121° 54' W,2ft below sea level - 7ft above sea level,Willis G. Hewatt (1937)
1931,5,26,,27,Hewatt,Leptasterias spp,0,"2mi east of Lighthouse Point, Monterey Bay","Intertidal zone directly north of Jacques Loeb Lab at Hopkins Marine Station, 108 yard long, 1 yard wide, Bearing N. 38° E",36° 37' N,121° 54' W,2ft below sea level - 7ft above sea level,Willis G. Hewatt (1937)
1931,5,26,,27,Hewatt,Leptosynapta inhaerens,0,"2mi east of Lighthouse Point, Monterey Bay","Intertidal zone directly north of Jacques Loeb Lab at Hopkins Marine Station, 108 yard long, 1 yard wide, Bearing N. 38° E",36° 37' N,121° 54' W,2ft below sea level - 7ft above sea level,Willis G. Hewatt (1937)
1931,5,26,,27,Hewatt,Leucandra heathi,0,"2mi east of Lighthouse Point, Monterey Bay","Intertidal zone directly north of Jacques Loeb Lab at Hopkins Marine Station, 108 yard long, 1 yard wide, Bearing N. 38° E",36° 37' N,121° 54' W,2ft below sea level - 7ft above sea level,Willis G. Hewatt (1937)
1931,5,26,,27,Hewatt,Ligia occidentialis,0,"2mi east of Lighthouse Point, Monterey Bay","Intertidal zone directly north of Jacques Loeb Lab at Hopkins Marine Station, 108 yard long, 1 yard wide, Bearing N. 38° E",36° 37' N,121° 54' W,2ft below sea level - 7ft above sea level,Willis G. Hewatt (1937)
1931,5,26,,27,Hewatt,Lissothuria nutriens,0,"2mi east of Lighthouse Point, Monterey Bay","Intertidal zone directly north of Jacques Loeb Lab at Hopkins Marine Station, 108 yard long, 1 yard wide, Bearing N. 38° E",36° 37' N,121° 54' W,2ft below sea level - 7ft above sea level,Willis G. Hewatt (1937)
1931,5,26,,27,Hewatt,Littorina keenae,0,"2mi east of Lighthouse Point, Monterey Bay","Intertidal zone directly north of Jacques Loeb Lab at Hopkins Marine Station, 108 yard long, 1 yard wide, Bearing N. 38° E",36° 37' N,121° 54' W,2ft below sea level - 7ft above sea level,Willis G. Hewatt (1937)
1931,5,26,,27,Hewatt,Littorina scutulata,0,"2mi east of Lighthouse Point, Monterey Bay","Intertidal zone directly north of Jacques Loeb Lab at Hopkins Marine Station, 108 yard long, 1 yard wide, Bearing N. 38° E",36° 37' N,121° 54' W,2ft below sea level - 7ft above sea level,Willis G. Hewatt (1937)
1931,5,26,,27,Hewatt,Lophopanopeus heathii,0,"2mi east of Lighthouse Point, Monterey Bay","Intertidal zone directly north of Jacques Loeb Lab at Hopkins Marine Station, 108 yard long, 1 yard wide, Bearing N. 38° E",36° 37' N,121° 54' W,2ft below sea level - 7ft above sea level,Willis G. Hewatt (1937)
1931,5,26,,27,Hewatt,Lophopanopeus leucomanus,0,"2mi east of Lighthouse Point, Monterey Bay","Intertidal zone directly north of Jacques Loeb Lab at Hopkins Marine Station, 108 yard long, 1 yard wide, Bearing N. 38° E",36° 37' N,121° 54' W,2ft below sea level - 7ft above sea level,Willis G. Hewatt (1937)
1931,5,26,,27,Hewatt,Lottia asmi,0,"2mi east of Lighthouse Point, Monterey Bay","Intertidal zone directly north of Jacques Loeb Lab at Hopkins Marine Station, 108 yard long, 1 yard wide, Bearing N. 38° E",36° 37' N,121° 54' W,2ft below sea level - 7ft above sea level,Willis G. Hewatt (1937)
1931,5,26,,27,Hewatt,Lottia digitalis,0,"2mi east of Lighthouse Point, Monterey Bay","Intertidal zone directly north of Jacques Loeb Lab at Hopkins Marine Station, 108 yard long, 1 yard wide, Bearing N. 38° E",36° 37' N,121° 54' W,2ft below sea level - 7ft above sea level,Willis G. Hewatt (1937)
1931,5,26,,27,Hewatt,Lottia limatula,4,"2mi east of Lighthouse Point, Monterey Bay","Intertidal zone directly north of Jacques Loeb Lab at Hopkins Marine Station, 108 yard long, 1 yard wide, Bearing N. 38° E",36° 37' N,121° 54' W,2ft below sea level - 7ft above sea level,Willis G. Hewatt (1937)
1931,5,26,,27,Hewatt,Lottia mitra,0,"2mi east of Lighthouse Point, Monterey Bay","Intertidal zone directly north of Jacques Loeb Lab at Hopkins Marine Station, 108 yard long, 1 yard wide, Bearing N. 38° E",36° 37' N,121° 54' W,2ft below sea level - 7ft above sea level,Willis G. Hewatt (1937)
1931,5,26,,27,Hewatt,Lottia ochracea,0,"2mi east of Lighthouse Point, Monterey Bay","Intertidal zone directly north of Jacques Loeb Lab at Hopkins Marine Station, 108 yard long, 1 yard wide, Bearing N. 38° E",36° 37' N,121° 54' W,2ft below sea level - 7ft above sea level,Willis G. Hewatt (1937)
1931,5,26,,27,Hewatt,Lottia paradigitalis,0,"2mi east of Lighthouse Point, Monterey Bay","Intertidal zone directly north of Jacques Loeb Lab at Hopkins Marine Station, 108 yard long, 1 yard wide, Bearing N. 38° E",36° 37' N,121° 54' W,2ft below sea level - 7ft above sea level,Willis G. Hewatt (1937)
1931,5,26,,27,Hewatt,Lottia pelta,6,"2mi east of Lighthouse Point, Monterey Bay","Intertidal zone directly north of Jacques Loeb Lab at Hopkins Marine Station, 108 yard long, 1 yard wide, Bearing N. 38° E",36° 37' N,121° 54' W,2ft below sea level - 7ft above sea level,Willis G. Hewatt (1937)
1931,5,26,,27,Hewatt,Loxorhynchus crispatus,0,"2mi east of Lighthouse Point, Monterey Bay","Intertidal zone directly north of Jacques Loeb Lab at Hopkins Marine Station, 108 yard long, 1 yard wide, Bearing N. 38° E",36° 37' N,121° 54' W,2ft below sea level - 7ft above sea level,Willis G. Hewatt (1937)
1931,5,27,,27,Hewatt,Lumbrinereis spp,C,"2mi east of Lighthouse Point, Monterey Bay","Intertidal zone directly north of Jacques Loeb Lab at Hopkins Marine Station, 108 yard long, 1 yard wide, Bearing N. 38° E",36° 37' N,121° 54' W,2ft below sea level - 7ft above sea level,Willis G. Hewatt (1937)
1931,5,27,,27,Hewatt,Macclintockia scabra,3,"2mi east of Lighthouse Point, Monterey Bay","Intertidal zone directly north of Jacques Loeb Lab at Hopkins Marine Station, 108 yard long, 1 yard wide, Bearing N. 38° E",36° 37' N,121° 54' W,2ft below sea level - 7ft above sea level,Willis G. Hewatt (1937)
1931,5,27,,27,Hewatt,Megabalanus californicus,0,"2mi east of Lighthouse Point, Monterey Bay","Intertidal zone directly north of Jacques Loeb Lab at Hopkins Marine Station, 108 yard long, 1 yard wide, Bearing N. 38° E",36° 37' N,121° 54' W,2ft below sea level - 7ft above sea level,Willis G. Hewatt (1937)
1931,5,27,,27,Hewatt,Megatebennus bimaculatus,0,"2mi east of Lighthouse Point, Monterey Bay","Intertidal zone directly north of Jacques Loeb Lab at Hopkins Marine Station, 108 yard long, 1 yard wide, Bearing N. 38° E",36° 37' N,121° 54' W,2ft below sea level - 7ft above sea level,Willis G. Hewatt (1937)
1931,5,27,,27,Hewatt,Melita palmata,0,"2mi east of Lighthouse Point, Monterey Bay","Intertidal zone directly north of Jacques Loeb Lab at Hopkins Marine Station, 108 yard long, 1 yard wide, Bearing N. 38° E",36° 37' N,121° 54' W,2ft below sea level - 7ft above sea level,Willis G. Hewatt (1937)
1931,5,27,,27,Hewatt,Mimulus foliatus,0,"2mi east of Lighthouse Point, Monterey Bay","Intertidal zone directly north of Jacques Loeb Lab at Hopkins Marine Station, 108 yard long, 1 yard wide, Bearing N. 38° E",36° 37' N,121° 54' W,2ft below sea level - 7ft above sea level,Willis G. Hewatt (1937)
1931,5,27,,27,Hewatt,Mitrella carinata,0,"2mi east of Lighthouse Point, Monterey Bay","Intertidal zone directly north of Jacques Loeb Lab at Hopkins Marine Station, 108 yard long, 1 yard wide, Bearing N. 38° E",36° 37' N,121° 54' W,2ft below sea level - 7ft above sea level,Willis G. Hewatt (1937)
1931,5,27,,27,Hewatt,Modiolus capax,0,"2mi east of Lighthouse Point, Monterey Bay","Intertidal zone directly north of Jacques Loeb Lab at Hopkins Marine Station, 108 yard long, 1 yard wide, Bearing N. 38° E",36° 37' N,121° 54' W,2ft below sea level - 7ft above sea level,Willis G. Hewatt (1937)
1931,5,27,,27,Hewatt,Modiolus carpenteri,0,"2mi east of Lighthouse Point, Monterey Bay","Intertidal zone directly north of Jacques Loeb Lab at Hopkins Marine Station, 108 yard long, 1 yard wide, Bearing N. 38° E",36° 37' N,121° 54' W,2ft below sea level - 7ft above sea level,Willis G. Hewatt (1937)
1931,5,27,,27,Hewatt,Mopalia muscosa,0,"2mi east of Lighthouse Point, Monterey Bay","Intertidal zone directly north of Jacques Loeb Lab at Hopkins Marine Station, 108 yard long, 1 yard wide, Bearing N. 38° E",36° 37' N,121° 54' W,2ft below sea level - 7ft above sea level,Willis G. Hewatt (1937)
1931,5,27,,27,Hewatt,Mytilus californianus,6,"2mi east of Lighthouse Point, Monterey Bay","Intertidal zone directly north of Jacques Loeb Lab at Hopkins Marine Station, 108 yard long, 1 yard wide, Bearing N. 38° E",36° 37' N,121° 54' W,2ft below sea level - 7ft above sea level,Willis G. Hewatt (1937)
1931,5,27,,27,Hewatt,Mytilus edulis,0,"2mi east of Lighthouse Point, Monterey Bay","Intertidal zone directly north of Jacques Loeb Lab at Hopkins Marine Station, 108 yard long, 1 yard wide, Bearing N. 38° E",36° 37' N,121° 54' W,2ft below sea level - 7ft above sea level,Willis G. Hewatt (1937)
1931,5,27,,27,Hewatt,Nassarius mendicus,0,"2mi east of Lighthouse Point, Monterey Bay","Intertidal zone directly north of Jacques Loeb Lab at Hopkins Marine Station, 108 yard long, 1 yard wide, Bearing N. 38° E",36° 37' N,121° 54' W,2ft below sea level - 7ft above sea level,Willis G. Hewatt (1937)
1931,5,27,,27,Hewatt,Nereis spp,0,"2mi east of Lighthouse Point, Monterey Bay","Intertidal zone directly north of Jacques Loeb Lab at Hopkins Marine Station, 108 yard long, 1 yard wide, Bearing N. 38° E",36° 37' N,121° 54' W,2ft below sea level - 7ft above sea level,Willis G. Hewatt (1937)
1931,5,27,,27,Hewatt,Nucella emarginata,0,"2mi east of Lighthouse Point, Monterey Bay","Intertidal zone directly north of Jacques Loeb Lab at Hopkins Marine Station, 108 yard long, 1 yard wide, Bearing N. 38° E",36° 37' N,121° 54' W,2ft below sea level - 7ft above sea level,Willis G. Hewatt (1937)
1931,5,27,,27,Hewatt,Nuttallina californica,0,"2mi east of Lighthouse Point, Monterey Bay","Intertidal zone directly north of Jacques Loeb Lab at Hopkins Marine Station, 108 yard long, 1 yard wide, Bearing N. 38° E",36° 37' N,121° 54' W,2ft below sea level - 7ft above sea level,Willis G. Hewatt (1937)
1931,5,27,,27,Hewatt,Ocenebra circumtexta,0,"2mi east of Lighthouse Point, Monterey Bay","Intertidal zone directly north of Jacques Loeb Lab at Hopkins Marine Station, 108 yard long, 1 yard wide, Bearing N. 38° E",36° 37' N,121° 54' W,2ft below sea level - 7ft above sea level,Willis G. Hewatt (1937)
1931,5,27,,27,Hewatt,Ocenebra lurida,0,"2mi east of Lighthouse Point, Monterey Bay","Intertidal zone directly north of Jacques Loeb Lab at Hopkins Marine Station, 108 yard long, 1 yard wide, Bearing N. 38° E",36° 37' N,121° 54' W,2ft below sea level - 7ft above sea level,Willis G. Hewatt (1937)
1931,5,27,,27,Hewatt,Oligocottus maculosus,0,"2mi east of Lighthouse Point, Monterey Bay","Intertidal zone directly north of Jacques Loeb Lab at Hopkins Marine Station, 108 yard long, 1 yard wide, Bearing N. 38° E",36° 37' N,121° 54' W,2ft below sea level - 7ft above sea level,Willis G. Hewatt (1937)
1931,5,28,,27,Hewatt,Onchidella borealis,0,"2mi east of Lighthouse Point, Monterey Bay","Intertidal zone directly north of Jacques Loeb Lab at Hopkins Marine Station, 108 yard long, 1 yard wide, Bearing N. 38° E",36° 37' N,121° 54' W,2ft below sea level - 7ft above sea level,Willis G. Hewatt (1937)
1931,5,28,,27,Hewatt,Ophiactis simplex,0,"2mi east of Lighthouse Point, Monterey Bay","Intertidal zone directly north of Jacques Loeb Lab at Hopkins Marine Station, 108 yard long, 1 yard wide, Bearing N. 38° E",36° 37' N,121° 54' W,2ft below sea level - 7ft above sea level,Willis G. Hewatt (1937)
1931,5,28,,27,Hewatt,Ophioderma panamense,0,"2mi east of Lighthouse Point, Monterey Bay","Intertidal zone directly north of Jacques Loeb Lab at Hopkins Marine Station, 108 yard long, 1 yard wide, Bearing N. 38° E",36° 37' N,121° 54' W,2ft below sea level - 7ft above sea level,Willis G. Hewatt (1937)
1931,5,28,,27,Hewatt,Ophioplocus esmarki,0,"2mi east of Lighthouse Point, Monterey Bay","Intertidal zone directly north of Jacques Loeb Lab at Hopkins Marine Station, 108 yard long, 1 yard wide, Bearing N. 38° E",36° 37' N,121° 54' W,2ft below sea level - 7ft above sea level,Willis G. Hewatt (1937)
1931,5,28,,27,Hewatt,Ophiothrix spiculata,0,"2mi east of Lighthouse Point, Monterey Bay","Intertidal zone directly north of Jacques Loeb Lab at Hopkins Marine Station, 108 yard long, 1 yard wide, Bearing N. 38° E",36° 37' N,121° 54' W,2ft below sea level - 7ft above sea level,Willis G. Hewatt (1937)
1931,5,28,,27,Hewatt,Pachycheles rudis,0,"2mi east of Lighthouse Point, Monterey Bay","Intertidal zone directly north of Jacques Loeb Lab at Hopkins Marine Station, 108 yard long, 1 yard wide, Bearing N. 38° E",36° 37' N,121° 54' W,2ft below sea level - 7ft above sea level,Willis G. Hewatt (1937)
1931,5,28,,27,Hewatt,Pachygrapsus crassipes,2,"2mi east of Lighthouse Point, Monterey Bay","Intertidal zone directly north of Jacques Loeb Lab at Hopkins Marine Station, 108 yard long, 1 yard wide, Bearing N. 38° E",36° 37' N,121° 54' W,2ft below sea level - 7ft above sea level,Willis G. Hewatt (1937)
1931,5,28,,27,Hewatt,Pagurus spp,C-s,"2mi east of Lighthouse Point, Monterey Bay","Intertidal zone directly north of Jacques Loeb Lab at Hopkins Marine Station, 108 yard long, 1 yard wide, Bearing N. 38° E",36° 37' N,121° 54' W,2ft below sea level - 7ft above sea level,Willis G. Hewatt (1937)
1931,5,28,,27,Hewatt,Paranemertes peregrina,0,"2mi east of Lighthouse Point, Monterey Bay","Intertidal zone directly north of Jacques Loeb Lab at Hopkins Marine Station, 108 yard long, 1 yard wide, Bearing N. 38° E",36° 37' N,121° 54' W,2ft below sea level - 7ft above sea level,Willis G. Hewatt (1937)
1931,5,28,,27,Hewatt,Paraxanthias taylori,0,"2mi east of Lighthouse Point, Monterey Bay","Intertidal zone directly north of Jacques Loeb Lab at Hopkins Marine Station, 108 yard long, 1 yard wide, Bearing N. 38° E",36° 37' N,121° 54' W,2ft below sea level - 7ft above sea level,Willis G. Hewatt (1937)
1931,5,28,,27,Hewatt,Petrolisthes cinctipes,0,"2mi east of Lighthouse Point, Monterey Bay","Intertidal zone directly north of Jacques Loeb Lab at Hopkins Marine Station, 108 yard long, 1 yard wide, Bearing N. 38° E",36° 37' N,121° 54' W,2ft below sea level - 7ft above sea level,Willis G. Hewatt (1937)
1931,5,28,,27,Hewatt,Phascolosoma agassizii,0,"2mi east of Lighthouse Point, Monterey Bay","Intertidal zone directly north of Jacques Loeb Lab at Hopkins Marine Station, 108 yard long, 1 yard wide, Bearing N. 38° E",36° 37' N,121° 54' W,2ft below sea level - 7ft above sea level,Willis G. Hewatt (1937)
1931,5,28,,27,Hewatt,Pisaster giganteus,0,"2mi east of Lighthouse Point, Monterey Bay","Intertidal zone directly north of Jacques Loeb Lab at Hopkins Marine Station, 108 yard long, 1 yard wide, Bearing N. 38° E",36° 37' N,121° 54' W,2ft below sea level - 7ft above sea level,Willis G. Hewatt (1937)
1931,5,28,,27,Hewatt,Pisaster ochraceus,0,"2mi east of Lighthouse Point, Monterey Bay","Intertidal zone directly north of Jacques Loeb Lab at Hopkins Marine Station, 108 yard long, 1 yard wide, Bearing N. 38° E",36° 37' N,121° 54' W,2ft below sea level - 7ft above sea level,Willis G. Hewatt (1937)
1931,5,28,,27,Hewatt,Plocamia karykina,0,"2mi east of Lighthouse Point, Monterey Bay","Intertidal zone directly north of Jacques Loeb Lab at Hopkins Marine Station, 108 yard long, 1 yard wide, Bearing N. 38° E",36° 37' N,121° 54' W,2ft below sea level - 7ft above sea level,Willis G. Hewatt (1937)
1931,5,28,,27,Hewatt,Pollicipes polymerus,0,"2mi east of Lighthouse Point, Monterey Bay","Intertidal zone directly north of Jacques Loeb Lab at Hopkins Marine Station, 108 yard long, 1 yard wide, Bearing N. 38° E",36° 37' N,121° 54' W,2ft below sea level - 7ft above sea level,Willis G. Hewatt (1937)
1931,5,28,,27,Hewatt,Polyclinum planum,0,"2mi east of Lighthouse Point, Monterey Bay","Intertidal zone directly north of Jacques Loeb Lab at Hopkins Marine Station, 108 yard long, 1 yard wide, Bearing N. 38° E",36° 37' N,121° 54' W,2ft below sea level - 7ft above sea level,Willis G. Hewatt (1937)
1931,5,28,,27,Hewatt,Pseudomelatoma torosa,0,"2mi east of Lighthouse Point, Monterey Bay","Intertidal zone directly north of Jacques Loeb Lab at Hopkins Marine Station, 108 yard long, 1 yard wide, Bearing N. 38° E",36° 37' N,121° 54' W,2ft below sea level - 7ft above sea level,Willis G. Hewatt (1937)
1931,5,28,,27,Hewatt,Pugettia producta,1,"2mi east of Lighthouse Point, Monterey Bay","Intertidal zone directly north of Jacques Loeb Lab at Hopkins Marine Station, 108 yard long, 1 yard wide, Bearing N. 38° E",36° 37' N,121° 54' W,2ft below sea level - 7ft above sea level,Willis G. Hewatt (1937)
1931,5,28,,27,Hewatt,Pugettia richii,0,"2mi east of Lighthouse Point, Monterey Bay","Intertidal zone directly north of Jacques Loeb Lab at Hopkins Marine Station, 108 yard long, 1 yard wide, Bearing N. 38° E",36° 37' N,121° 54' W,2ft below sea level - 7ft above sea level,Willis G. Hewatt (1937)
1931,5,29,,27,Hewatt,Rimicola eigenmanni,0,"2mi east of Lighthouse Point, Monterey Bay","Intertidal zone directly north of Jacques Loeb Lab at Hopkins Marine Station, 108 yard long, 1 yard wide, Bearing N. 38° E",36° 37' N,121° 54' W,2ft below sea level - 7ft above sea level,Willis G. Hewatt (1937)
1931,5,29,,27,Hewatt,Rostanga pulchra,0,"2mi east of Lighthouse Point, Monterey Bay","Intertidal zone directly north of Jacques Loeb Lab at Hopkins Marine Station, 108 yard long, 1 yard wide, Bearing N. 38° E",36° 37' N,121° 54' W,2ft below sea level - 7ft above sea level,Willis G. Hewatt (1937)
1931,5,29,,27,Hewatt,Serpulorbis squamigerus,0,"2mi east of Lighthouse Point, Monterey Bay","Intertidal zone directly north of Jacques Loeb Lab at Hopkins Marine Station, 108 yard long, 1 yard wide, Bearing N. 38° E",36° 37' N,121° 54' W,2ft below sea level - 7ft above sea level,Willis G. Hewatt (1937)
1931,29,5,,27,Hewatt,Spirontocaris picta,0,"2mi east of Lighthouse Point, Monterey Bay","Intertidal zone directly north of Jacques Loeb Lab at Hopkins Marine Station, 108 yard long, 1 yard wide, Bearing N. 38° E",36° 37' N,121° 54' W,2ft below sea level - 7ft above sea level,Willis G. Hewatt (1937)
1931,29,5,,27,Hewatt,Spirorbis spp,0,"2mi east of Lighthouse Point, Monterey Bay","Intertidal zone directly north of Jacques Loeb Lab at Hopkins Marine Station, 108 yard long, 1 yard wide, Bearing N. 38° E",36° 37' N,121° 54' W,2ft below sea level - 7ft above sea level,Willis G. Hewatt (1937)
1931,5,29,,27,Hewatt,Strongylocentrotus purpuratus,0,"2mi east of Lighthouse Point, Monterey Bay","Intertidal zone directly north of Jacques Loeb Lab at Hopkins Marine Station, 108 yard long, 1 yard wide, Bearing N. 38° E",36° 37' N,121° 54' W,2ft below sea level - 7ft above sea level,Willis G. Hewatt (1937)
1931,5,29,,27,Hewatt,Tectura paleacea,0,"2mi east of Lighthouse Point, Monterey Bay","Intertidal zone directly north of Jacques Loeb Lab at Hopkins Marine Station, 108 yard long, 1 yard wide, Bearing N. 38° E",36° 37' N,121° 54' W,2ft below sea level - 7ft above sea level,Willis G. Hewatt (1937)
1931,5,29,,27,Hewatt,Tectura scutum,0,"2mi east of Lighthouse Point, Monterey Bay","Intertidal zone directly north of Jacques Loeb Lab at Hopkins Marine Station, 108 yard long, 1 yard wide, Bearing N. 38° E",36° 37' N,121° 54' W,2ft below sea level - 7ft above sea level,Willis G. Hewatt (1937)
1931,5,29,,27,Hewatt,Tegula brunnea,0,"2mi east of Lighthouse Point, Monterey Bay","Intertidal zone directly north of Jacques Loeb Lab at Hopkins Marine Station, 108 yard long, 1 yard wide, Bearing N. 38° E",36° 37' N,121° 54' W,2ft below sea level - 7ft above sea level,Willis G. Hewatt (1937)
1931,5,29,,27,Hewatt,Tegula funebralis,81,"2mi east of Lighthouse Point, Monterey Bay","Intertidal zone directly north of Jacques Loeb Lab at Hopkins Marine Station, 108 yard long, 1 yard wide, Bearing N. 38° E",36° 37' N,121° 54' W,2ft below sea level - 7ft above sea level,Willis G. Hewatt (1937)
1931,5,29,,27,Hewatt,Tegula montereyi,0,"2mi east of Lighthouse Point, Monterey Bay","Intertidal zone directly north of Jacques Loeb Lab at Hopkins Marine Station, 108 yard long, 1 yard wide, Bearing N. 38° E",36° 37' N,121° 54' W,2ft below sea level - 7ft above sea level,Willis G. Hewatt (1937)
1931,5,29,,27,Hewatt,Tegula pulligo,0,"2mi east of Lighthouse Point, Monterey Bay","Intertidal zone directly north of Jacques Loeb Lab at Hopkins Marine Station, 108 yard long, 1 yard wide, Bearing N. 38° E",36° 37' N,121° 54' W,2ft below sea level - 7ft above sea level,Willis G. Hewatt (1937)
1931,5,29,,27,Hewatt,Tetraclita rubescens,0,"2mi east of Lighthouse Point, Monterey Bay","Intertidal zone directly north of Jacques Loeb Lab at Hopkins Marine Station, 108 yard long, 1 yard wide, Bearing N. 38° E",36° 37' N,121° 54' W,2ft below sea level - 7ft above sea level,Willis G. Hewatt (1937)
1931,5,29,,27,Hewatt,Tonicella lineata,0,"2mi east of Lighthouse Point, Monterey Bay","Intertidal zone directly north of Jacques Loeb Lab at Hopkins Marine Station, 108 yard long, 1 yard wide, Bearing N. 38° E",36° 37' N,121° 54' W,2ft below sea level - 7ft above sea level,Willis G. Hewatt (1937)
1931,Apr,8,,28,Hewatt,Acanthina punctulata,0,"2mi east of Lighthouse Point, Monterey Bay","Intertidal zone directly north of Jacques Loeb Lab at Hopkins Marine Station, 108 yard long, 1 yard wide, Bearing N. 38° E",36° 37' N,121° 54' W,2ft below sea level - 7ft above sea level,Willis G. Hewatt (1937)
1931,Apr,8,,28,Hewatt,Alloioplana californica,0,"2mi east of Lighthouse Point, Monterey Bay","Intertidal zone directly north of Jacques Loeb Lab at Hopkins Marine Station, 108 yard long, 1 yard wide, Bearing N. 38° E",36° 37' N,121° 54' W,2ft below sea level - 7ft above sea level,Willis G. Hewatt (1937)
1931,Apr,8,,28,Hewatt,Alpheus clamator,0,"2mi east of Lighthouse Point, Monterey Bay","Intertidal zone directly north of Jacques Loeb Lab at Hopkins Marine Station, 108 yard long, 1 yard wide, Bearing N. 38° E",36° 37' N,121° 54' W,2ft below sea level - 7ft above sea level,Willis G. Hewatt (1937)
1931,Apr,8,,28,Hewatt,Amphiodia occidentalis,0,"2mi east of Lighthouse Point, Monterey Bay","Intertidal zone directly north of Jacques Loeb Lab at Hopkins Marine Station, 108 yard long, 1 yard wide, Bearing N. 38° E",36° 37' N,121° 54' W,2ft below sea level - 7ft above sea level,Willis G. Hewatt (1937)
1931,Apr,8,,28,Hewatt,Amphipholis pugetana,0,"2mi east of Lighthouse Point, Monterey Bay","Intertidal zone directly north of Jacques Loeb Lab at Hopkins Marine Station, 108 yard long, 1 yard wide, Bearing N. 38° E",36° 37' N,121° 54' W,2ft below sea level - 7ft above sea level,Willis G. Hewatt (1937)
1931,Apr,8,,28,Hewatt,Amphissa columbiana,0,"2mi east of Lighthouse Point, Monterey Bay","Intertidal zone directly north of Jacques Loeb Lab at Hopkins Marine Station, 108 yard long, 1 yard wide, Bearing N. 38° E",36° 37' N,121° 54' W,2ft below sea level - 7ft above sea level,Willis G. Hewatt (1937)
1931,Apr,8,,28,Hewatt,Amphissa versicolor,0,"2mi east of Lighthouse Point, Monterey Bay","Intertidal zone directly north of Jacques Loeb Lab at Hopkins Marine Station, 108 yard long, 1 yard wide, Bearing N. 38° E",36° 37' N,121° 54' W,2ft below sea level - 7ft above sea level,Willis G. Hewatt (1937)
1931,Apr,8,,28,Hewatt,Anisodoris nobilis,0,"2mi east of Lighthouse Point, Monterey Bay","Intertidal zone directly north of Jacques Loeb Lab at Hopkins Marine Station, 108 yard long, 1 yard wide, Bearing N. 38° E",36° 37' N,121° 54' W,2ft below sea level - 7ft above sea level,Willis G. Hewatt (1937)
1931,Apr,8,,28,Hewatt,Anthopleura elegantissima,0,"2mi east of Lighthouse Point, Monterey Bay","Intertidal zone directly north of Jacques Loeb Lab at Hopkins Marine Station, 108 yard long, 1 yard wide, Bearing N. 38° E",36° 37' N,121° 54' W,2ft below sea level - 7ft above sea level,Willis G. Hewatt (1937)
1931,Apr,8,,28,Hewatt,Anthopleura sola,0,"2mi east of Lighthouse Point, Monterey Bay","Intertidal zone directly north of Jacques Loeb Lab at Hopkins Marine Station, 108 yard long, 1 yard wide, Bearing N. 38° E",36° 37' N,121° 54' W,2ft below sea level - 7ft above sea level,Willis G. Hewatt (1937)
1931,Apr,8,,28,Hewatt,Anthopleura xanthogrammica,0,"2mi east of Lighthouse Point, Monterey Bay","Intertidal zone directly north of Jacques Loeb Lab at Hopkins Marine Station, 108 yard long, 1 yard wide, Bearing N. 38° E",36° 37' N,121° 54' W,2ft below sea level - 7ft above sea level,Willis G. Hewatt (1937)
1931,Apr,8,,28,Hewatt,Aplidium californicum,0,"2mi east of Lighthouse Point, Monterey Bay","Intertidal zone directly north of Jacques Loeb Lab at Hopkins Marine Station, 108 yard long, 1 yard wide, Bearing N. 38° E",36° 37' N,121° 54' W,2ft below sea level - 7ft above sea level,Willis G. Hewatt (1937)
1931,Apr,8,,28,Hewatt,Arabella iricolor,0,"2mi east of Lighthouse Point, Monterey Bay","Intertidal zone directly north of Jacques Loeb Lab at Hopkins Marine Station, 108 yard long, 1 yard wide, Bearing N. 38° E",36° 37' N,121° 54' W,2ft below sea level - 7ft above sea level,Willis G. Hewatt (1937)
1931,Apr,8,,28,Hewatt,Archidistoma molle,0,"2mi east of Lighthouse Point, Monterey Bay","Intertidal zone directly north of Jacques Loeb Lab at Hopkins Marine Station, 108 yard long, 1 yard wide, Bearing N. 38° E",36° 37' N,121° 54' W,2ft below sea level - 7ft above sea level,Willis G. Hewatt (1937)
1931,Apr,9,,28,Hewatt,Asterina miniata,0,"2mi east of Lighthouse Point, Monterey Bay","Intertidal zone directly north of Jacques Loeb Lab at Hopkins Marine Station, 108 yard long, 1 yard wide, Bearing N. 38° E",36° 37' N,121° 54' W,2ft below sea level - 7ft above sea level,Willis G. Hewatt (1937)
1931,Apr,9,,28,Hewatt,Atylopsis spp,C,"2mi east of Lighthouse Point, Monterey Bay","Intertidal zone directly north of Jacques Loeb Lab at Hopkins Marine Station, 108 yard long, 1 yard wide, Bearing N. 38° E",36° 37' N,121° 54' W,2ft below sea level - 7ft above sea level,Willis G. Hewatt (1937)
1931,Apr,9,,28,Hewatt,Balanophyllia elegans,0,"2mi east of Lighthouse Point, Monterey Bay","Intertidal zone directly north of Jacques Loeb Lab at Hopkins Marine Station, 108 yard long, 1 yard wide, Bearing N. 38° E",36° 37' N,121° 54' W,2ft below sea level - 7ft above sea level,Willis G. Hewatt (1937)
1931,Apr,9,,28,Hewatt,Balanus glandula,0,"2mi east of Lighthouse Point, Monterey Bay","Intertidal zone directly north of Jacques Loeb Lab at Hopkins Marine Station, 108 yard long, 1 yard wide, Bearing N. 38° E",36° 37' N,121° 54' W,2ft below sea level - 7ft above sea level,Willis G. Hewatt (1937)
1931,Apr,9,,28,Hewatt,Betaeus harfordi,0,"2mi east of Lighthouse Point, Monterey Bay","Intertidal zone directly north of Jacques Loeb Lab at Hopkins Marine Station, 108 yard long, 1 yard wide, Bearing N. 38° E",36° 37' N,121° 54' W,2ft below sea level - 7ft above sea level,Willis G. Hewatt (1937)
1931,Apr,9,,28,Hewatt,Bittium eschrichtii,0,"2mi east of Lighthouse Point, Monterey Bay","Intertidal zone directly north of Jacques Loeb Lab at Hopkins Marine Station, 108 yard long, 1 yard wide, Bearing N. 38° E",36° 37' N,121° 54' W,2ft below sea level - 7ft above sea level,Willis G. Hewatt (1937)
1931,Apr,9,,28,Hewatt,Calliostoma canaliculatum,0,"2mi east of Lighthouse Point, Monterey Bay","Intertidal zone directly north of Jacques Loeb Lab at Hopkins Marine Station, 108 yard long, 1 yard wide, Bearing N. 38° E",36° 37' N,121° 54' W,2ft below sea level - 7ft above sea level,Willis G. Hewatt (1937)
1931,Apr,9,,28,Hewatt,Calliostoma ligatum,0,"2mi east of Lighthouse Point, Monterey Bay","Intertidal zone directly north of Jacques Loeb Lab at Hopkins Marine Station, 108 yard long, 1 yard wide, Bearing N. 38° E",36° 37' N,121° 54' W,2ft below sea level - 7ft above sea level,Willis G. Hewatt (1937)
1931,Apr,9,,28,Hewatt,Cancer antennarius,0,"2mi east of Lighthouse Point, Monterey Bay","Intertidal zone directly north of Jacques Loeb Lab at Hopkins Marine Station, 108 yard long, 1 yard wide, Bearing N. 38° E",36° 37' N,121° 54' W,2ft below sea level - 7ft above sea level,Willis G. Hewatt (1937)
1931,Apr,9,,28,Hewatt,Cancer jordani,0,"2mi east of Lighthouse Point, Monterey Bay","Intertidal zone directly north of Jacques Loeb Lab at Hopkins Marine Station, 108 yard long, 1 yard wide, Bearing N. 38° E",36° 37' N,121° 54' W,2ft below sea level - 7ft above sea level,Willis G. Hewatt (1937)
1931,Apr,9,,28,Hewatt,Cancer productus,0,"2mi east of Lighthouse Point, Monterey Bay","Intertidal zone directly north of Jacques Loeb Lab at Hopkins Marine Station, 108 yard long, 1 yard wide, Bearing N. 38° E",36° 37' N,121° 54' W,2ft below sea level - 7ft above sea level,Willis G. Hewatt (1937)
1931,Apr,9,,28,Hewatt,Caprella spp,0,"2mi east of Lighthouse Point, Monterey Bay","Intertidal zone directly north of Jacques Loeb Lab at Hopkins Marine Station, 108 yard long, 1 yard wide, Bearing N. 38° E",36° 37' N,121° 54' W,2ft below sea level - 7ft above sea level,Willis G. Hewatt (1937)
1931,Apr,9,,28,Hewatt,Ceratostoma foliatum,0,"2mi east of Lighthouse Point, Monterey Bay","Intertidal zone directly north of Jacques Loeb Lab at Hopkins Marine Station, 108 yard long, 1 yard wide, Bearing N. 38° E",36° 37' N,121° 54' W,2ft below sea level - 7ft above sea level,Willis G. Hewatt (1937)
1931,Apr,10,,28,Hewatt,Chaetopleura gemma,0,"2mi east of Lighthouse Point, Monterey Bay","Intertidal zone directly north of Jacques Loeb Lab at Hopkins Marine Station, 108 yard long, 1 yard wide, Bearing N. 38° E",36° 37' N,121° 54' W,2ft below sea level - 7ft above sea level,Willis G. Hewatt (1937)
1931,Apr,10,,28,Hewatt,Chama pellucida,0,"2mi east of Lighthouse Point, Monterey Bay","Intertidal zone directly north of Jacques Loeb Lab at Hopkins Marine Station, 108 yard long, 1 yard wide, Bearing N. 38° E",36° 37' N,121° 54' W,2ft below sea level - 7ft above sea level,Willis G. Hewatt (1937)
1931,Apr,10,,28,Hewatt,Chthamalus spp,0,"2mi east of Lighthouse Point, Monterey Bay","Intertidal zone directly north of Jacques Loeb Lab at Hopkins Marine Station, 108 yard long, 1 yard wide, Bearing N. 38° E",36° 37' N,121° 54' W,2ft below sea level - 7ft above sea level,Willis G. Hewatt (1937)
1931,Apr,10,,28,Hewatt,Cirolana harfordi,0,"2mi east of Lighthouse Point, Monterey Bay","Intertidal zone directly north of Jacques Loeb Lab at Hopkins Marine Station, 108 yard long, 1 yard wide, Bearing N. 38° E",36° 37' N,121° 54' W,2ft below sea level - 7ft above sea level,Willis G. Hewatt (1937)
1931,Apr,10,,28,Hewatt,Clavelina huntsmani,0,"2mi east of Lighthouse Point, Monterey Bay","Intertidal zone directly north of Jacques Loeb Lab at Hopkins Marine Station, 108 yard long, 1 yard wide, Bearing N. 38° E",36° 37' N,121° 54' W,2ft below sea level - 7ft above sea level,Willis G. Hewatt (1937)
1931,Apr,10,,28,Hewatt,Corynactis californica,0,"2mi east of Lighthouse Point, Monterey Bay","Intertidal zone directly north of Jacques Loeb Lab at Hopkins Marine Station, 108 yard long, 1 yard wide, Bearing N. 38° E",36° 37' N,121° 54' W,2ft below sea level - 7ft above sea level,Willis G. Hewatt (1937)
1931,Apr,10,,28,Hewatt,Coryphella trilineata,0,"2mi east of Lighthouse Point, Monterey Bay","Intertidal zone directly north of Jacques Loeb Lab at Hopkins Marine Station, 108 yard long, 1 yard wide, Bearing N. 38° E",36° 37' N,121° 54' W,2ft below sea level - 7ft above sea level,Willis G. Hewatt (1937)
1931,Apr,10,,28,Hewatt,Crepidula adunca,13,"2mi east of Lighthouse Point, Monterey Bay","Intertidal zone directly north of Jacques Loeb Lab at Hopkins Marine Station, 108 yard long, 1 yard wide, Bearing N. 38° E",36° 37' N,121° 54' W,2ft below sea level - 7ft above sea level,Willis G. Hewatt (1937)
1931,Apr,10,,28,Hewatt,Cryptolithodes sitchensis,0,"2mi east of Lighthouse Point, Monterey Bay","Intertidal zone directly north of Jacques Loeb Lab at Hopkins Marine Station, 108 yard long, 1 yard wide, Bearing N. 38° E",36° 37' N,121° 54' W,2ft below sea level - 7ft above sea level,Willis G. Hewatt (1937)
1931,Apr,11,,28,Hewatt,Cryptosula pallasiana,0,"2mi east of Lighthouse Point, Monterey Bay","Intertidal zone directly north of Jacques Loeb Lab at Hopkins Marine Station, 108 yard long, 1 yard wide, Bearing N. 38° E",36° 37' N,121° 54' W,2ft below sea level - 7ft above sea level,Willis G. Hewatt (1937)
1931,Apr,11,,28,Hewatt,Cuthona lagunae,0,"2mi east of Lighthouse Point, Monterey Bay","Intertidal zone directly north of Jacques Loeb Lab at Hopkins Marine Station, 108 yard long, 1 yard wide, Bearing N. 38° E",36° 37' N,121° 54' W,2ft below sea level - 7ft above sea level,Willis G. Hewatt (1937)
1931,Apr,11,,28,Hewatt,Cyanoplax hartwegii,0,"2mi east of Lighthouse Point, Monterey Bay","Intertidal zone directly north of Jacques Loeb Lab at Hopkins Marine Station, 108 yard long, 1 yard wide, Bearing N. 38° E",36° 37' N,121° 54' W,2ft below sea level - 7ft above sea level,Willis G. Hewatt (1937)
1931,Apr,11,,28,Hewatt,Dendronotus iris,0,"2mi east of Lighthouse Point, Monterey Bay","Intertidal zone directly north of Jacques Loeb Lab at Hopkins Marine Station, 108 yard long, 1 yard wide, Bearing N. 38° E",36° 37' N,121° 54' W,2ft below sea level - 7ft above sea level,Willis G. Hewatt (1937)
1931,Apr,11,,28,Hewatt,Doriopsilla albopunctata,0,"2mi east of Lighthouse Point, Monterey Bay","Intertidal zone directly north of Jacques Loeb Lab at Hopkins Marine Station, 108 yard long, 1 yard wide, Bearing N. 38° E",36° 37' N,121° 54' W,2ft below sea level - 7ft above sea level,Willis G. Hewatt (1937)
1931,Apr,11,,28,Hewatt,Emplectonema gracile,0,"2mi east of Lighthouse Point, Monterey Bay","Intertidal zone directly north of Jacques Loeb Lab at Hopkins Marine Station, 108 yard long, 1 yard wide, Bearing N. 38° E",36° 37' N,121° 54' W,2ft below sea level - 7ft above sea level,Willis G. Hewatt (1937)
1931,Apr,11,,28,Hewatt,Epiactis prolifera,0,"2mi east of Lighthouse Point, Monterey Bay","Intertidal zone directly north of Jacques Loeb Lab at Hopkins Marine Station, 108 yard long, 1 yard wide, Bearing N. 38° E",36° 37' N,121° 54' W,2ft below sea level - 7ft above sea level,Willis G. Hewatt (1937)
1931,Apr,11,,28,Hewatt,Epilucina californica,0,"2mi east of Lighthouse Point, Monterey Bay","Intertidal zone directly north of Jacques Loeb Lab at Hopkins Marine Station, 108 yard long, 1 yard wide, Bearing N. 38° E",36° 37' N,121° 54' W,2ft below sea level - 7ft above sea level,Willis G. Hewatt (1937)
1931,Apr,11,,28,Hewatt,Epitonium tinctum,0,"2mi east of Lighthouse Point, Monterey Bay","Intertidal zone directly north of Jacques Loeb Lab at Hopkins Marine Station, 108 yard long, 1 yard wide, Bearing N. 38° E",36° 37' N,121° 54' W,2ft below sea level - 7ft above sea level,Willis G. Hewatt (1937)
1931,Apr,11,,28,Hewatt,Erato vitellina,0,"2mi east of Lighthouse Point, Monterey Bay","Intertidal zone directly north of Jacques Loeb Lab at Hopkins Marine Station, 108 yard long, 1 yard wide, Bearing N. 38° E",36° 37' N,121° 54' W,2ft below sea level - 7ft above sea level,Willis G. Hewatt (1937)
1931,Apr,11,,28,Hewatt,Fissurella volcano,0,"2mi east of Lighthouse Point, Monterey Bay","Intertidal zone directly north of Jacques Loeb Lab at Hopkins Marine Station, 108 yard long, 1 yard wide, Bearing N. 38° E",36° 37' N,121° 54' W,2ft below sea level - 7ft above sea level,Willis G. Hewatt (1937)
1931,Apr,11,,28,Hewatt,Fusinus luteopictus,0,"2mi east of Lighthouse Point, Monterey Bay","Intertidal zone directly north of Jacques Loeb Lab at Hopkins Marine Station, 108 yard long, 1 yard wide, Bearing N. 38° E",36° 37' N,121° 54' W,2ft below sea level - 7ft above sea level,Willis G. Hewatt (1937)
1931,Apr,11,,28,Hewatt,Glycera americana,0,"2mi east of Lighthouse Point, Monterey Bay","Intertidal zone directly north of Jacques Loeb Lab at Hopkins Marine Station, 108 yard long, 1 yard wide, Bearing N. 38° E",36° 37' N,121° 54' W,2ft below sea level - 7ft above sea level,Willis G. Hewatt (1937)
1931,Apr,11,,28,Hewatt,Haliotis cracherodii,0,"2mi east of Lighthouse Point, Monterey Bay","Intertidal zone directly north of Jacques Loeb Lab at Hopkins Marine Station, 108 yard long, 1 yard wide, Bearing N. 38° E",36° 37' N,121° 54' W,2ft below sea level - 7ft above sea level,Willis G. Hewatt (1937)
1931,Apr,11,,28,Hewatt,Halosydna insignis,0,"2mi east of Lighthouse Point, Monterey Bay","Intertidal zone directly north of Jacques Loeb Lab at Hopkins Marine Station, 108 yard long, 1 yard wide, Bearing N. 38° E",121° 54' W,36° 37' N,2ft below sea level - 7ft above sea level,Willis G. Hewatt (1937)
1931,Apr,11,,28,Hewatt,Hapalogaster cavicauda,0,"2mi east of Lighthouse Point, Monterey Bay","Intertidal zone directly north of Jacques Loeb Lab at Hopkins Marine Station, 108 yard long, 1 yard wide, Bearing N. 38° E",121° 54' W,36° 37' N,2ft below sea level - 7ft above sea level,Willis G. Hewatt (1937)
1931,Apr,11,,28,Hewatt,Hemigrapsus nudus,0,"2mi east of Lighthouse Point, Monterey Bay","Intertidal zone directly north of Jacques Loeb Lab at Hopkins Marine Station, 108 yard long, 1 yard wide, Bearing N. 38° E",121° 54' W,36° 37' N,2ft below sea level - 7ft above sea level,Willis G. Hewatt (1937)
1931,Apr,11,,28,Hewatt,Henricia leviuscula,0,"2mi east of Lighthouse Point, Monterey Bay","Intertidal zone directly north of Jacques Loeb Lab at Hopkins Marine Station, 108 yard long, 1 yard wide, Bearing N. 38° E",121° 54' W,36° 37' N,2ft below sea level - 7ft above sea level,Willis G. Hewatt (1937)
1931,4,23,,28,Hewatt,Heptacarpus pictus,0,"2mi east of Lighthouse Point, Monterey Bay","Intertidal zone directly north of Jacques Loeb Lab at Hopkins Marine Station, 108 yard long, 1 yard wide, Bearing N. 38° E",36° 37' N,121° 54' W,2ft below sea level - 7ft above sea level,Willis G. Hewatt (1937)
1931,4,23,,28,Hewatt,Hermissenda crassicornis,0,"2mi east of Lighthouse Point, Monterey Bay","Intertidal zone directly north of Jacques Loeb Lab at Hopkins Marine Station, 108 yard long, 1 yard wide, Bearing N. 38° E",36° 37' N,121° 54' W,2ft below sea level - 7ft above sea level,Willis G. Hewatt (1937)
1931,4,23,,28,Hewatt,Hinnites giganteus,0,"2mi east of Lighthouse Point, Monterey Bay","Intertidal zone directly north of Jacques Loeb Lab at Hopkins Marine Station, 108 yard long, 1 yard wide, Bearing N. 38° E",36° 37' N,121° 54' W,2ft below sea level - 7ft above sea level,Willis G. Hewatt (1937)
1931,4,23,,28,Hewatt,Hipponix cranioides,0,"2mi east of Lighthouse Point, Monterey Bay","Intertidal zone directly north of Jacques Loeb Lab at Hopkins Marine Station, 108 yard long, 1 yard wide, Bearing N. 38° E",36° 37' N,121° 54' W,2ft below sea level - 7ft above sea level,Willis G. Hewatt (1937)
1931,4,23,,28,Hewatt,Homalopoma luridum,0,"2mi east of Lighthouse Point, Monterey Bay","Intertidal zone directly north of Jacques Loeb Lab at Hopkins Marine Station, 108 yard long, 1 yard wide, Bearing N. 38° E",36° 37' N,121° 54' W,2ft below sea level - 7ft above sea level,Willis G. Hewatt (1937)
1931,4,23,,28,Hewatt,Hopkinsia rosacea,0,"2mi east of Lighthouse Point, Monterey Bay","Intertidal zone directly north of Jacques Loeb Lab at Hopkins Marine Station, 108 yard long, 1 yard wide, Bearing N. 38° E",36° 37' N,121° 54' W,2ft below sea level - 7ft above sea level,Willis G. Hewatt (1937)
1931,4,23,,28,Hewatt,Idotea urotoma,0,"2mi east of Lighthouse Point, Monterey Bay","Intertidal zone directly north of Jacques Loeb Lab at Hopkins Marine Station, 108 yard long, 1 yard wide, Bearing N. 38° E",36° 37' N,121° 54' W,2ft below sea level - 7ft above sea level,Willis G. Hewatt (1937)
1931,4,23,,28,Hewatt,Kellia laperousii,0,"2mi east of Lighthouse Point, Monterey Bay","Intertidal zone directly north of Jacques Loeb Lab at Hopkins Marine Station, 108 yard long, 1 yard wide, Bearing N. 38° E",36° 37' N,121° 54' W,2ft below sea level - 7ft above sea level,Willis G. Hewatt (1937)
1931,4,23,,28,Hewatt,Lacuna marmorata,0,"2mi east of Lighthouse Point, Monterey Bay","Intertidal zone directly north of Jacques Loeb Lab at Hopkins Marine Station, 108 yard long, 1 yard wide, Bearing N. 38° E",36° 37' N,121° 54' W,2ft below sea level - 7ft above sea level,Willis G. Hewatt (1937)
1931,4,23,,28,Hewatt,Laila cockerelli,0,"2mi east of Lighthouse Point, Monterey Bay","Intertidal zone directly north of Jacques Loeb Lab at Hopkins Marine Station, 108 yard long, 1 yard wide, Bearing N. 38° E",36° 37' N,121° 54' W,2ft below sea level - 7ft above sea level,Willis G. Hewatt (1937)
1931,4,24,,28,Hewatt,Lepidozona mertensii,0,"2mi east of Lighthouse Point, Monterey Bay","Intertidal zone directly north of Jacques Loeb Lab at Hopkins Marine Station, 108 yard long, 1 yard wide, Bearing N. 38° E",36° 37' N,121° 54' W,2ft below sea level - 7ft above sea level,Willis G. Hewatt (1937)
1931,4,24,,28,Hewatt,Leptasterias spp,0,"2mi east of Lighthouse Point, Monterey Bay","Intertidal zone directly north of Jacques Loeb Lab at Hopkins Marine Station, 108 yard long, 1 yard wide, Bearing N. 38° E",36° 37' N,121° 54' W,2ft below sea level - 7ft above sea level,Willis G. Hewatt (1937)
1931,4,24,,28,Hewatt,Leptosynapta inhaerens,0,"2mi east of Lighthouse Point, Monterey Bay","Intertidal zone directly north of Jacques Loeb Lab at Hopkins Marine Station, 108 yard long, 1 yard wide, Bearing N. 38° E",36° 37' N,121° 54' W,2ft below sea level - 7ft above sea level,Willis G. Hewatt (1937)
1931,4,24,,28,Hewatt,Leucandra heathi,0,"2mi east of Lighthouse Point, Monterey Bay","Intertidal zone directly north of Jacques Loeb Lab at Hopkins Marine Station, 108 yard long, 1 yard wide, Bearing N. 38° E",36° 37' N,121° 54' W,2ft below sea level - 7ft above sea level,Willis G. Hewatt (1937)
1931,4,24,,28,Hewatt,Ligia occidentialis,0,"2mi east of Lighthouse Point, Monterey Bay","Intertidal zone directly north of Jacques Loeb Lab at Hopkins Marine Station, 108 yard long, 1 yard wide, Bearing N. 38° E",36° 37' N,121° 54' W,2ft below sea level - 7ft above sea level,Willis G. Hewatt (1937)
1931,4,24,,28,Hewatt,Lissothuria nutriens,0,"2mi east of Lighthouse Point, Monterey Bay","Intertidal zone directly north of Jacques Loeb Lab at Hopkins Marine Station, 108 yard long, 1 yard wide, Bearing N. 38° E",36° 37' N,121° 54' W,2ft below sea level - 7ft above sea level,Willis G. Hewatt (1937)
1931,4,24,,28,Hewatt,Littorina keenae,0,"2mi east of Lighthouse Point, Monterey Bay","Intertidal zone directly north of Jacques Loeb Lab at Hopkins Marine Station, 108 yard long, 1 yard wide, Bearing N. 38° E",36° 37' N,121° 54' W,2ft below sea level - 7ft above sea level,Willis G. Hewatt (1937)
1931,4,24,,28,Hewatt,Littorina scutulata,0,"2mi east of Lighthouse Point, Monterey Bay","Intertidal zone directly north of Jacques Loeb Lab at Hopkins Marine Station, 108 yard long, 1 yard wide, Bearing N. 38° E",36° 37' N,121° 54' W,2ft below sea level - 7ft above sea level,Willis G. Hewatt (1937)
1931,4,24,,28,Hewatt,Lophopanopeus heathii,0,"2mi east of Lighthouse Point, Monterey Bay","Intertidal zone directly north of Jacques Loeb Lab at Hopkins Marine Station, 108 yard long, 1 yard wide, Bearing N. 38° E",36° 37' N,121° 54' W,2ft below sea level - 7ft above sea level,Willis G. Hewatt (1937)
1931,4,24,,28,Hewatt,Lophopanopeus leucomanus,0,"2mi east of Lighthouse Point, Monterey Bay","Intertidal zone directly north of Jacques Loeb Lab at Hopkins Marine Station, 108 yard long, 1 yard wide, Bearing N. 38° E",36° 37' N,121° 54' W,2ft below sea level - 7ft above sea level,Willis G. Hewatt (1937)
1931,4,24,,28,Hewatt,Lottia asmi,0,"2mi east of Lighthouse Point, Monterey Bay","Intertidal zone directly north of Jacques Loeb Lab at Hopkins Marine Station, 108 yard long, 1 yard wide, Bearing N. 38° E",36° 37' N,121° 54' W,2ft below sea level - 7ft above sea level,Willis G. Hewatt (1937)
1931,4,24,,28,Hewatt,Lottia digitalis,0,"2mi east of Lighthouse Point, Monterey Bay","Intertidal zone directly north of Jacques Loeb Lab at Hopkins Marine Station, 108 yard long, 1 yard wide, Bearing N. 38° E",36° 37' N,121° 54' W,2ft below sea level - 7ft above sea level,Willis G. Hewatt (1937)
1931,4,24,,28,Hewatt,Lottia limatula,3,"2mi east of Lighthouse Point, Monterey Bay","Intertidal zone directly north of Jacques Loeb Lab at Hopkins Marine Station, 108 yard long, 1 yard wide, Bearing N. 38° E",36° 37' N,121° 54' W,2ft below sea level - 7ft above sea level,Willis G. Hewatt (1937)
1931,4,24,,28,Hewatt,Lottia mitra,0,"2mi east of Lighthouse Point, Monterey Bay","Intertidal zone directly north of Jacques Loeb Lab at Hopkins Marine Station, 108 yard long, 1 yard wide, Bearing N. 38° E",36° 37' N,121° 54' W,2ft below sea level - 7ft above sea level,Willis G. Hewatt (1937)
1931,4,24,,28,Hewatt,Lottia ochracea,0,"2mi east of Lighthouse Point, Monterey Bay","Intertidal zone directly north of Jacques Loeb Lab at Hopkins Marine Station, 108 yard long, 1 yard wide, Bearing N. 38° E",36° 37' N,121° 54' W,2ft below sea level - 7ft above sea level,Willis G. Hewatt (1937)
1931,4,24,,28,Hewatt,Lottia paradigitalis,0,"2mi east of Lighthouse Point, Monterey Bay","Intertidal zone directly north of Jacques Loeb Lab at Hopkins Marine Station, 108 yard long, 1 yard wide, Bearing N. 38° E",36° 37' N,121° 54' W,2ft below sea level - 7ft above sea level,Willis G. Hewatt (1937)
1931,4,24,,28,Hewatt,Lottia pelta,0,"2mi east of Lighthouse Point, Monterey Bay","Intertidal zone directly north of Jacques Loeb Lab at Hopkins Marine Station, 108 yard long, 1 yard wide, Bearing N. 38° E",36° 37' N,121° 54' W,2ft below sea level - 7ft above sea level,Willis G. Hewatt (1937)
1931,4,24,,28,Hewatt,Loxorhynchus crispatus,0,"2mi east of Lighthouse Point, Monterey Bay","Intertidal zone directly north of Jacques Loeb Lab at Hopkins Marine Station, 108 yard long, 1 yard wide, Bearing N. 38° E",36° 37' N,121° 54' W,2ft below sea level - 7ft above sea level,Willis G. Hewatt (1937)
1931,4,27,,28,Hewatt,Lumbrinereis spp,0,"2mi east of Lighthouse Point, Monterey Bay","Intertidal zone directly north of Jacques Loeb Lab at Hopkins Marine Station, 108 yard long, 1 yard wide, Bearing N. 38° E",36° 37' N,121° 54' W,2ft below sea level - 7ft above sea level,Willis G. Hewatt (1937)
1931,4,27,,28,Hewatt,Macclintockia scabra,0,"2mi east of Lighthouse Point, Monterey Bay","Intertidal zone directly north of Jacques Loeb Lab at Hopkins Marine Station, 108 yard long, 1 yard wide, Bearing N. 38° E",36° 37' N,121° 54' W,2ft below sea level - 7ft above sea level,Willis G. Hewatt (1937)
1931,4,27,,28,Hewatt,Megabalanus californicus,0,"2mi east of Lighthouse Point, Monterey Bay","Intertidal zone directly north of Jacques Loeb Lab at Hopkins Marine Station, 108 yard long, 1 yard wide, Bearing N. 38° E",36° 37' N,121° 54' W,2ft below sea level - 7ft above sea level,Willis G. Hewatt (1937)
1931,4,27,,28,Hewatt,Megatebennus bimaculatus,0,"2mi east of Lighthouse Point, Monterey Bay","Intertidal zone directly north of Jacques Loeb Lab at Hopkins Marine Station, 108 yard long, 1 yard wide, Bearing N. 38° E",36° 37' N,121° 54' W,2ft below sea level - 7ft above sea level,Willis G. Hewatt (1937)
1931,4,27,,28,Hewatt,Melita palmata,0,"2mi east of Lighthouse Point, Monterey Bay","Intertidal zone directly north of Jacques Loeb Lab at Hopkins Marine Station, 108 yard long, 1 yard wide, Bearing N. 38° E",36° 37' N,121° 54' W,2ft below sea level - 7ft above sea level,Willis G. Hewatt (1937)
1931,4,27,,28,Hewatt,Mimulus foliatus,0,"2mi east of Lighthouse Point, Monterey Bay","Intertidal zone directly north of Jacques Loeb Lab at Hopkins Marine Station, 108 yard long, 1 yard wide, Bearing N. 38° E",36° 37' N,121° 54' W,2ft below sea level - 7ft above sea level,Willis G. Hewatt (1937)
1931,4,27,,28,Hewatt,Mitrella carinata,0,"2mi east of Lighthouse Point, Monterey Bay","Intertidal zone directly north of Jacques Loeb Lab at Hopkins Marine Station, 108 yard long, 1 yard wide, Bearing N. 38° E",36° 37' N,121° 54' W,2ft below sea level - 7ft above sea level,Willis G. Hewatt (1937)
1931,4,27,,28,Hewatt,Modiolus capax,0,"2mi east of Lighthouse Point, Monterey Bay","Intertidal zone directly north of Jacques Loeb Lab at Hopkins Marine Station, 108 yard long, 1 yard wide, Bearing N. 38° E",36° 37' N,121° 54' W,2ft below sea level - 7ft above sea level,Willis G. Hewatt (1937)
1931,4,27,,28,Hewatt,Modiolus carpenteri,0,"2mi east of Lighthouse Point, Monterey Bay","Intertidal zone directly north of Jacques Loeb Lab at Hopkins Marine Station, 108 yard long, 1 yard wide, Bearing N. 38° E",36° 37' N,121° 54' W,2ft below sea level - 7ft above sea level,Willis G. Hewatt (1937)
1931,4,27,,28,Hewatt,Mopalia muscosa,1,"2mi east of Lighthouse Point, Monterey Bay","Intertidal zone directly north of Jacques Loeb Lab at Hopkins Marine Station, 108 yard long, 1 yard wide, Bearing N. 38° E",36° 37' N,121° 54' W,2ft below sea level - 7ft above sea level,Willis G. Hewatt (1937)
1931,4,27,,28,Hewatt,Mytilus californianus,18,"2mi east of Lighthouse Point, Monterey Bay","Intertidal zone directly north of Jacques Loeb Lab at Hopkins Marine Station, 108 yard long, 1 yard wide, Bearing N. 38° E",36° 37' N,121° 54' W,2ft below sea level - 7ft above sea level,Willis G. Hewatt (1937)
1931,4,27,,28,Hewatt,Mytilus edulis,0,"2mi east of Lighthouse Point, Monterey Bay","Intertidal zone directly north of Jacques Loeb Lab at Hopkins Marine Station, 108 yard long, 1 yard wide, Bearing N. 38° E",36° 37' N,121° 54' W,2ft below sea level - 7ft above sea level,Willis G. Hewatt (1937)
1931,4,27,,28,Hewatt,Nassarius mendicus,0,"2mi east of Lighthouse Point, Monterey Bay","Intertidal zone directly north of Jacques Loeb Lab at Hopkins Marine Station, 108 yard long, 1 yard wide, Bearing N. 38° E",36° 37' N,121° 54' W,2ft below sea level - 7ft above sea level,Willis G. Hewatt (1937)
1931,4,27,,28,Hewatt,Nereis spp,0,"2mi east of Lighthouse Point, Monterey Bay","Intertidal zone directly north of Jacques Loeb Lab at Hopkins Marine Station, 108 yard long, 1 yard wide, Bearing N. 38° E",36° 37' N,121° 54' W,2ft below sea level - 7ft above sea level,Willis G. Hewatt (1937)
1931,4,27,,28,Hewatt,Nucella emarginata,0,"2mi east of Lighthouse Point, Monterey Bay","Intertidal zone directly north of Jacques Loeb Lab at Hopkins Marine Station, 108 yard long, 1 yard wide, Bearing N. 38° E",36° 37' N,121° 54' W,2ft below sea level - 7ft above sea level,Willis G. Hewatt (1937)
1931,4,27,,28,Hewatt,Nuttallina californica,0,"2mi east of Lighthouse Point, Monterey Bay","Intertidal zone directly north of Jacques Loeb Lab at Hopkins Marine Station, 108 yard long, 1 yard wide, Bearing N. 38° E",36° 37' N,121° 54' W,2ft below sea level - 7ft above sea level,Willis G. Hewatt (1937)
1931,4,27,,28,Hewatt,Ocenebra circumtexta,0,"2mi east of Lighthouse Point, Monterey Bay","Intertidal zone directly north of Jacques Loeb Lab at Hopkins Marine Station, 108 yard long, 1 yard wide, Bearing N. 38° E",36° 37' N,121° 54' W,2ft below sea level - 7ft above sea level,Willis G. Hewatt (1937)
1931,4,27,,28,Hewatt,Ocenebra lurida,0,"2mi east of Lighthouse Point, Monterey Bay","Intertidal zone directly north of Jacques Loeb Lab at Hopkins Marine Station, 108 yard long, 1 yard wide, Bearing N. 38° E",36° 37' N,121° 54' W,2ft below sea level - 7ft above sea level,Willis G. Hewatt (1937)
1931,4,27,,28,Hewatt,Oligocottus maculosus,0,"2mi east of Lighthouse Point, Monterey Bay","Intertidal zone directly north of Jacques Loeb Lab at Hopkins Marine Station, 108 yard long, 1 yard wide, Bearing N. 38° E",36° 37' N,121° 54' W,2ft below sea level - 7ft above sea level,Willis G. Hewatt (1937)
1931,4,28,,28,Hewatt,Onchidella borealis,0,"2mi east of Lighthouse Point, Monterey Bay","Intertidal zone directly north of Jacques Loeb Lab at Hopkins Marine Station, 108 yard long, 1 yard wide, Bearing N. 38° E",36° 37' N,121° 54' W,2ft below sea level - 7ft above sea level,Willis G. Hewatt (1937)
1931,4,28,,28,Hewatt,Ophiactis simplex,0,"2mi east of Lighthouse Point, Monterey Bay","Intertidal zone directly north of Jacques Loeb Lab at Hopkins Marine Station, 108 yard long, 1 yard wide, Bearing N. 38° E",36° 37' N,121° 54' W,2ft below sea level - 7ft above sea level,Willis G. Hewatt (1937)
1931,4,28,,28,Hewatt,Ophioderma panamense,0,"2mi east of Lighthouse Point, Monterey Bay","Intertidal zone directly north of Jacques Loeb Lab at Hopkins Marine Station, 108 yard long, 1 yard wide, Bearing N. 38° E",36° 37' N,121° 54' W,2ft below sea level - 7ft above sea level,Willis G. Hewatt (1937)
1931,4,28,,28,Hewatt,Ophioplocus esmarki,0,"2mi east of Lighthouse Point, Monterey Bay","Intertidal zone directly north of Jacques Loeb Lab at Hopkins Marine Station, 108 yard long, 1 yard wide, Bearing N. 38° E",36° 37' N,121° 54' W,2ft below sea level - 7ft above sea level,Willis G. Hewatt (1937)
1931,4,28,,28,Hewatt,Ophiothrix spiculata,0,"2mi east of Lighthouse Point, Monterey Bay","Intertidal zone directly north of Jacques Loeb Lab at Hopkins Marine Station, 108 yard long, 1 yard wide, Bearing N. 38° E",36° 37' N,121° 54' W,2ft below sea level - 7ft above sea level,Willis G. Hewatt (1937)
1931,4,28,,28,Hewatt,Pachycheles rudis,0,"2mi east of Lighthouse Point, Monterey Bay","Intertidal zone directly north of Jacques Loeb Lab at Hopkins Marine Station, 108 yard long, 1 yard wide, Bearing N. 38° E",36° 37' N,121° 54' W,2ft below sea level - 7ft above sea level,Willis G. Hewatt (1937)
1931,4,28,,28,Hewatt,Pachygrapsus crassipes,0,"2mi east of Lighthouse Point, Monterey Bay","Intertidal zone directly north of Jacques Loeb Lab at Hopkins Marine Station, 108 yard long, 1 yard wide, Bearing N. 38° E",36° 37' N,121° 54' W,2ft below sea level - 7ft above sea level,Willis G. Hewatt (1937)
1931,4,28,,28,Hewatt,Pagurus spp,C-s,"2mi east of Lighthouse Point, Monterey Bay","Intertidal zone directly north of Jacques Loeb Lab at Hopkins Marine Station, 108 yard long, 1 yard wide, Bearing N. 38° E",36° 37' N,121° 54' W,2ft below sea level - 7ft above sea level,Willis G. Hewatt (1937)
1931,4,28,,28,Hewatt,Paranemertes peregrina,0,"2mi east of Lighthouse Point, Monterey Bay","Intertidal zone directly north of Jacques Loeb Lab at Hopkins Marine Station, 108 yard long, 1 yard wide, Bearing N. 38° E",36° 37' N,121° 54' W,2ft below sea level - 7ft above sea level,Willis G. Hewatt (1937)
1931,4,28,,28,Hewatt,Paraxanthias taylori,0,"2mi east of Lighthouse Point, Monterey Bay","Intertidal zone directly north of Jacques Loeb Lab at Hopkins Marine Station, 108 yard long, 1 yard wide, Bearing N. 38° E",36° 37' N,121° 54' W,2ft below sea level - 7ft above sea level,Willis G. Hewatt (1937)
1931,4,28,,28,Hewatt,Petrolisthes cinctipes,0,"2mi east of Lighthouse Point, Monterey Bay","Intertidal zone directly north of Jacques Loeb Lab at Hopkins Marine Station, 108 yard long, 1 yard wide, Bearing N. 38° E",36° 37' N,121° 54' W,2ft below sea level - 7ft above sea level,Willis G. Hewatt (1937)
1931,4,28,,28,Hewatt,Phascolosoma agassizii,0,"2mi east of Lighthouse Point, Monterey Bay","Intertidal zone directly north of Jacques Loeb Lab at Hopkins Marine Station, 108 yard long, 1 yard wide, Bearing N. 38° E",36° 37' N,121° 54' W,2ft below sea level - 7ft above sea level,Willis G. Hewatt (1937)
1931,4,28,,28,Hewatt,Pisaster giganteus,0,"2mi east of Lighthouse Point, Monterey Bay","Intertidal zone directly north of Jacques Loeb Lab at Hopkins Marine Station, 108 yard long, 1 yard wide, Bearing N. 38° E",36° 37' N,121° 54' W,2ft below sea level - 7ft above sea level,Willis G. Hewatt (1937)
,,,4/29/1931,28,Hewatt,Pisaster ochraceus,0,"2mi east of Lighthouse Point, Monterey Bay","Intertidal zone directly north of Jacques Loeb Lab at Hopkins Marine Station, 108 yard long, 1 yard wide, Bearing N. 38° E",36° 37' N,121° 54' W,2ft below sea level - 7ft above sea level,Willis G. Hewatt (1937)
,,,4/29/1931,28,Hewatt,Plocamia karykina,0,"2mi east of Lighthouse Point, Monterey Bay","Intertidal zone directly north of Jacques Loeb Lab at Hopkins Marine Station, 108 yard long, 1 yard wide, Bearing N. 38° E",36° 37' N,121° 54' W,2ft below sea level - 7ft above sea level,Willis G. Hewatt (1937)
,,,4/29/1931,28,Hewatt,Pollicipes polymerus,0,"2mi east of Lighthouse Point, Monterey Bay","Intertidal zone directly north of Jacques Loeb Lab at Hopkins Marine Station, 108 yard long, 1 yard wide, Bearing N. 38° E",36° 37' N,121° 54' W,2ft below sea level - 7ft above sea level,Willis G. Hewatt (1937)
,,,4/29/1931,28,Hewatt,Polyclinum planum,0,"2mi east of Lighthouse Point, Monterey Bay","Intertidal zone directly north of Jacques Loeb Lab at Hopkins Marine Station, 108 yard long, 1 yard wide, Bearing N. 38° E",36° 37' N,121° 54' W,2ft below sea level - 7ft above sea level,Willis G. Hewatt (1937)
,,,4/29/1931,28,Hewatt,Pseudomelatoma torosa,0,"2mi east of Lighthouse Point, Monterey Bay","Intertidal zone directly north of Jacques Loeb Lab at Hopkins Marine Station, 108 yard long, 1 yard wide, Bearing N. 38° E",36° 37' N,121° 54' W,2ft below sea level - 7ft above sea level,Willis G. Hewatt (1937)
,,,4/29/1931,28,Hewatt,Pugettia producta,1,"2mi east of Lighthouse Point, Monterey Bay","Intertidal zone directly north of Jacques Loeb Lab at Hopkins Marine Station, 108 yard long, 1 yard wide, Bearing N. 38° E",36° 37' N,121° 54' W,2ft below sea level - 7ft above sea level,Willis G. Hewatt (1937)
,,,4/29/1931,28,Hewatt,Pugettia richii,0,"2mi east of Lighthouse Point, Monterey Bay","Intertidal zone directly north of Jacques Loeb Lab at Hopkins Marine Station, 108 yard long, 1 yard wide, Bearing N. 38° E",36° 37' N,121° 54' W,2ft below sea level - 7ft above sea level,Willis G. Hewatt (1937)
,,,4/29/1931,28,Hewatt,Rimicola eigenmanni,0,"2mi east of Lighthouse Point, Monterey Bay","Intertidal zone directly north of Jacques Loeb Lab at Hopkins Marine Station, 108 yard long, 1 yard wide, Bearing N. 38° E",36° 37' N,121° 54' W,2ft below sea level - 7ft above sea level,Willis G. Hewatt (1937)
,,,4/29/1931,28,Hewatt,Rostanga pulchra,0,"2mi east of Lighthouse Point, Monterey Bay","Intertidal zone directly north of Jacques Loeb Lab at Hopkins Marine Station, 108 yard long, 1 yard wide, Bearing N. 38° E",36° 37' N,121° 54' W,2ft below sea level - 7ft above sea level,Willis G. Hewatt (1937)
,,,4/29/1931,28,Hewatt,Serpulorbis squamigerus,0,"2mi east of Lighthouse Point, Monterey Bay","Intertidal zone directly north of Jacques Loeb Lab at Hopkins Marine Station, 108 yard long, 1 yard wide, Bearing N. 38° E",36° 37' N,121° 54' W,2ft below sea level - 7ft above sea level,Willis G. Hewatt (1937)
,,,4/29/1931,28,Hewatt,Spirontocaris picta,0,"2mi east of Lighthouse Point, Monterey Bay","Intertidal zone directly north of Jacques Loeb Lab at Hopkins Marine Station, 108 yard long, 1 yard wide, Bearing N. 38° E",36° 37' N,121° 54' W,2ft below sea level - 7ft above sea level,Willis G. Hewatt (1937)
,,,4/29/1931,28,Hewatt,Spirorbis spp,0,"2mi east of Lighthouse Point, Monterey Bay","Intertidal zone directly north of Jacques Loeb Lab at Hopkins Marine Station, 108 yard long, 1 yard wide, Bearing N. 38° E",36° 37' N,121° 54' W,2ft below sea level - 7ft above sea level,Willis G. Hewatt (1937)
,,,4/30/1931,28,Hewatt,Strongylocentrotus purpuratus,0,"2mi east of Lighthouse Point, Monterey Bay","Intertidal zone directly north of Jacques Loeb Lab at Hopkins Marine Station, 108 yard long, 1 yard wide, Bearing N. 38° E",36° 37' N,121° 54' W,2ft below sea level - 7ft above sea level,Willis G. Hewatt (1937)
,,,4/30/31,28,Hewatt,Tectura paleacea,0,"2mi east of Lighthouse Point, Monterey Bay","Intertidal zone directly north of Jacques Loeb Lab at Hopkins Marine Station, 108 yard long, 1 yard wide, Bearing N. 38° E",36° 37' N,121° 54' W,2ft below sea level - 7ft above sea level,Willis G. Hewatt (1937)
,,,4/30/1931,28,Hewatt,Tectura scutum,0,"2mi east of Lighthouse Point, Monterey Bay","Intertidal zone directly north of Jacques Loeb Lab at Hopkins Marine Station, 108 yard long, 1 yard wide, Bearing N. 38° E",36° 37' N,121° 54' W,2ft below sea level - 7ft above sea level,Willis G. Hewatt (1937)
,,,4/30/1931,28,Hewatt,Tegula brunnea,0,"2mi east of Lighthouse Point, Monterey Bay","Intertidal zone directly north of Jacques Loeb Lab at Hopkins Marine Station, 108 yard long, 1 yard wide, Bearing N. 38° E",36° 37' N,121° 54' W,2ft below sea level - 7ft above sea level,Willis G. Hewatt (1937)
,,,4/30/1931,28,Hewatt,Tegula funebralis,27,"2mi east of Lighthouse Point, Monterey Bay","Intertidal zone directly north of Jacques Loeb Lab at Hopkins Marine Station, 108 yard long, 1 yard wide, Bearing N. 38° E",36° 37' N,121° 54' W,2ft below sea level - 7ft above sea level,Willis G. Hewatt (1937)
,,,4/30/1931,28,Hewatt,Tegula montereyi,0,"2mi east of Lighthouse Point, Monterey Bay","Intertidal zone directly north of Jacques Loeb Lab at Hopkins Marine Station, 108 yard long, 1 yard wide, Bearing N. 38° E",36° 37' N,121° 54' W,2ft below sea level - 7ft above sea level,Willis G. Hewatt (1937)
,,,4/30/1931,28,Hewatt,Tegula pulligo,0,"2mi east of Lighthouse Point, Monterey Bay","Intertidal zone directly north of Jacques Loeb Lab at Hopkins Marine Station, 108 yard long, 1 yard wide, Bearing N. 38° E",36° 37' N,121° 54' W,2ft below sea level - 7ft above sea level,Willis G. Hewatt (1937)
,,,4/30/1931,28,Hewatt,Tetraclita rubescens,0,"2mi east of Lighthouse Point, Monterey Bay","Intertidal zone directly north of Jacques Loeb Lab at Hopkins Marine Station, 108 yard long, 1 yard wide, Bearing N. 38° E",36° 37' N,121° 54' W,2ft below sea level - 7ft above sea level,Willis G. Hewatt (1937)
,,,4/30/1931,28,Hewatt,Tonicella lineata,0,"2mi east of Lighthouse Point, Monterey Bay","Intertidal zone directly north of Jacques Loeb Lab at Hopkins Marine Station, 108 yard long, 1 yard wide, Bearing N. 38° E",36° 37' N,121° 54' W,2ft below sea level - 7ft above sea level,Willis G. Hewatt (1937)