occurrenceID,decimalLatitude,decimalLongitude,country,countryCode,county,recordedBy,scientificName,kingdom,genus,specificEpithet,vernacularName
SBN:4039:201059,,,Sweden  ,SE,Hallands län,SBN:recorderId:300,Aglais io,Animals,aglais,io,Påfågelöga
SBN:4039:201062,,,Sweden  ,SE,Hallands län,SBN:recorderId:300,Aglais urticae,Animalia,aglais,urticae,Nässelfjäril
SBN:4039:201044,,,Sweden  ,SE,Hallands län,SBN:recorderId:300,Anthocharis cardamines,Animalia,Anthocharis,cardamines,Aurorafjäril
SBN:4039:201107,,,Sweden  ,SE,Hallands län,SBN:recorderId:300,Aphantopus hyperantus,Animalia,Aphantopus,hyperantus,Luktgräsfjäril
SBN:4039:201038,,,Sweden  ,SE,Hallands län,SBN:recorderId:300,Aporia crataegi,Animalia,Aporia,crataegi,Hagtornsfjäril
SBN:4039:201064,,,Sweden,SE,Hallands län,SBN:recorderId:300,Araschnia levana,Animalia,Araschnia,levana,Kartfjäril
SBN:4039:201065,,,Sweden,SE,Hallands län,SBN:recorderId:300,Argynnis paphia,Animalia,Argynnis,paphia,Silverstreckad pärlemorfjäril
SBN:4039:201072,,,Sweden,SE,Hallands län,SBN:recorderId:300,Boloria aquilonaris,Animalia,Boloria,aquilonaris,Myrpärlemorfjäril
SBN:4039:201071,,,Sweden,SE,Hallands län,SBN:recorderId:300,Brenthis ino,Animalia,Brenthis,ino,Älggräspärlemorfjäril
SBN:4039:201137,,,Sweden,SE,Hallands län,SBN:recorderId:300,Celastrina argiolus,Animalia,Celastrina,argiolus,Tosteblåvinge
SBN:4039:201109,,,Sweden,SE,Hallands län,SBN:recorderId:300,Coenonympha pamphilus,Animalia,Coenonympha,pamphilus,Kamgräsfjäril
SBN:4039:201108,,,Sweden,SE,Hallands län,SBN:recorderId:300,Coenonympha tullia,Animalia,Coenonympha,tullia,Starrgräsfjäril
SBN:4039:201099,,,Sweden,SE,Hallands län,SBN:recorderId:300,Erebia ligea,Animalia,Erebia,ligea,Skogsgräsfjäril
SBN:4039:201068,,,Sweden,SE,Hallands län,SBN:recorderId:300,Fabriciana adippe,Animalia,Fabriciana,adippe,Skogspärlemorfjäril
SBN:4039:201051,,,Sweden,SE,Hallands län,SBN:recorderId:300,Gonepteryx rhamni,Animalia,Gonepteryx,rhamni,Citronfjäril
SBN:4039:101070,,,Sweden,SE,Hallands län,SBN:recorderId:300,Hesperia comma,Animalia,Hesperia,comma,Silversmygare
SBN:4039:201115,,,Sweden,SE,Hallands län,SBN:recorderId:300,Lasiommata maera,Animalia,Lasiommata,maera,Vitgräsfjäril
SBN:4039:201036,,,Sweden,SE,Hallands län,SBN:recorderId:300,Leptidea sinapis,Animalia,Leptidea,sinapis,Skogsvitvinge
SBN:4039:201126,,,Sweden,SE,Hallands län,SBN:recorderId:300,Lycaena phlaeas,Animalia,Lycaena,phlaeas,Mindre guldvinge
SBN:4039:201129,,,Sweden,SE,Hallands län,SBN:recorderId:300,Lycaena virgaureae,Animalia,Lycaena,virgaureae,Vitfläckig guldvinge
SBN:4039:201104,,,Sweden,SE,Hallands län,SBN:recorderId:300,Maniola jurtina,Animalia,Maniola,jurtina,Slåttergräsfjäril
SBN:4039:201086,,,Sweden,SE,län Hallands,SBN:recorderId:300,Melitaea athalia,Animalia,Melitaea,athalia,Skogsnätfjäril
SBN:4039:201058,,,Sweden,SE,län Hallands,SBN:recorderId:300,Nymphalis antiopa,Animalia,Nymphalis,antiopa,Sorgmantel
SBN:4039:201034,,,Sweden,SE,län Hallands,SBN:recorderId:300,Papilio machaon,Animalia,Papilio,machaon,Makaonfjäril
SBN:4039:201113,,,Sweden,SE,län Hallands,SBN:recorderId:300,Pararge aegeria,Animalia,Pararge,aegeria,Kvickgräsfjäril
SBN:4039:201039,,,Sweden,SE,län Hallands,SBN:recorderId:300,Pieris brassicae,Animalia,Pieris,brassicae,Kålfjäril
SBN:4039:201040,,,Sweden,SE,län Hallands,SBN:recorderId:300,Pieris rapae,Animalia,Pieris,rapae,Rovfjäril
SBN:4039:201153,,,Sweden,SE,Hallands län,SBN:recorderId:300,Plebejus idas,Animalia,Plebejus,idas,Hedblåvinge
SBN:4039:201146,,,Sweden,SE,Hallands län,SBN:recorderId:300,Polyommatus amandus,Animalia,Polyommatus,amandus,Silverblåvinge
SBN:4039:201144,,,Sweden,SE,Hallands län,SBN:recorderId:300,Polyommatus Icarus,Animalia,Polyommatus,icarus,Puktörneblåvinge
SBN:4039:201028,,,Sweden,SE,Hallands län,SBN:recorderId:300,Thymelicus lineola,Animalia,Thymelicus,lineola,Mindre tåtelsmygare
SBN:4039:201060,,,Sweden,SE,Hallands län,SBN:recorderId:300,Vanessa atalanta,Animalia,Vanessa,atalanta,Amiral
SBN:4039:201061,,,Sweden,SE,Hallands län,SBN:recorderId:300,Vanessa cardui,Animalia,Vanessa,cardui,Tistelfjäril
SBN:11280:201059,,,Sweden,SE,Jönköpings län,SBN:recorderId:608,Aglais io,Animalia,aglais,io,Påfågelöga
SBN:11280:201062,,,Sweden,SE,Jönköpings län,SBN:recorderId:608,Aglais urticae,Animalia,aglais,urticae,Nässelfjäril
SBN:11280:201151,,,Sweden,SE,Jönköpings län,SBN:recorderId:608,Agriades optilete,Animalia,Agriades,optilete,Violett blåvinge
SBN:11280:201044,,,Sweden,SE,Jönköpings län,SBN:recorderId:608,Anthocharis cardamines,Animalia,Anthocharis,cardamines,Aurorafjäril
SBN:11280:201107,,,Sweden,SE,Jönköpings län,SBN:recorderId:608,Aphantopus hyperantus,Animalia,Aphantopus,hyperantus,Luktgräsfjäril
SBN:11280:201064,,,Sweden,SE,Jönköpings län,SBN:recorderId:608,Araschnia levana,Animalia,Araschnia,levana,Kartfjäril
SBN:11280:201064,,,Sweden,SE,Jönköpings län,SBN:recorderId:608,Argynnis paphia,Animalia,Argynnis,paphia,Silverstreckad pärlemorfjäril
SBN:11280:201075,,,Sweden,SE,Jönköpings län,SBN:recorderId:608,Boloria selene,Animalia,Boloria,selene,Brunfläckig pärlemorfjäril
SBN:11280:201071,,,Sweden,SE,Jönköpings län,SBN:recorderId:608,Brenthis  ino,Animalia,Brenthis,ino,Älggräspärlemorfjäril
SBN:11280:201125,,,Sweden,SE,Jönköpings län,SBN:recorderId:608,Callophrys rubi,Animalia,Callophrys,rubi,Grönsnabbvinge
SBN:11280:201110,,,Sweden,SE,Jönköpings län,SBN:recorderId:608,Coenonympha arcania,Animalia,Coenonympha,arcania,Pärlgräsfjäril
SBN:11280:201109,,,Sweden ,SE,Jönköpings län,SBN:recorderId:608,Coenonympha pamphilus,Animals,Coenonympha,pamphilus,Kamgräsfjäril
SBN:11280:201143,,,Sweden,SE,Jönköpings län,SBN:recorderId:608,Cyaniris semiargus,Animalia,Cyaniris,semiargus,Ängsblåvinge
SBN:11280:201099,,,Sweden,SE,Jönköpings län,SBN:recorderId:608,Erebia ligea,Animalia,Erebia,ligea,Skogsgräsfjäril
SBN:11280:201051,,,Sweden,SE,Jönköpings län,SBN:recorderId:608,Gonepteryx rhamni,Animalia,Gonepteryx,rhamni,Citronfjäril
SBN:11280:201115,,,Sweden,SE,Jönköpings län,SBN:recorderId:608,Lasiommata maera,Animalia,Lasiommata,maera,Vitgräsfjäril
SBN:11280:6006844,,,Sweden,SE,Jönköpings län,SBN:recorderId:608,Leptidea juvernica/sinapis,Animalia,Leptidea,juvernica/sinapis,Ängsvitvinge/Skogsvitvinge
SBN:11280:201126,,,Sweden,SE,Jönköpings län,SBN:recorderId:608,Lycaena phlaeas,Animalia,Lycaena,phlaeas,Mindre guldvinge
SBN:11280:201129,,,Sweden,SE,Jönköpings län,SBN:recorderId:608,Lycaena virgaureae,Animalia,Lycaena,virgaureae,Vitfläckig guldvinge
SBN:11280:201104,,,Sweden,SE,Jönköpings län,SBN:recorderId:608,Maniola jurtina,Animalia,Maniola,jurtina,Slåttergräsfjäril
SBN:11280:201086,,,Sweden,SE,Jönköpings län,SBN:recorderId:608,Melitaea athalia,Animalia,Melitaea,athalia,Skogsnätfjäril
SBN:11280:201031,,,Sweden ,SE,Jönköpings län,SBN:recorderId:608,Ochlodes sylvanus,Animalia,Ochlodes,sylvanus,Ängssmygare
SBN:11280:201113,,,Sweden,SE,Jönköpings län,SBN:recorderId:608,Pararge aegeria,Animals,Pararge,aegeria,Kvickgräsfjäril
SBN:11280:201041,,,Sweden,SE,Jönköpings län,SBN:recorderId:608,Pieris napi,Animalia,Pieris,napi,Rapsfjäril
SBN:11280:201040,,,Sweden,SE,Jönköpings län,SBN:recorderId:608,Pieris rapae,Animalia,Pieris,rapae,Rovfjäril
SBN:11280:201152,,,Sweden,SE,Jönköpings län,SBN:recorderId:608,Plebejus argus,Animalia,Plebejus,argus,Ljungblåvinge
SBN:11280:201063,,,Sweden,SE,Jönköpings län,SBN:recorderId:608,Polygonia c-album,Animalia,Polygonia,c-album,Vinbärsfuks
SBN:11280:201144,,,Sweden,SE,Jönköpings län,SBN:recorderId:608,Polyommatus icarus,Animalia,Polyommatus,icarus,Puktörneblåvinge
SBN:11280:201067,,,Sweden,SE,Jönköpings län,SBN:recorderId:608,Speyeria aglaja,Animalia,Speyeria,aglaja,Ängspärlemorfjäril
SBN:11280:201028,,,Sweden,SE,Jönköpings län,SBN:recorderId:608,Thymelicus lineola,Animalia,Thymelicus,lineola,Mindre tåtelsmygare
SBN:88212:201062,58.2093,14.74661,Sweden,SE,Östergötlands län,SBN:recorderId:266,Aglais urticae,Animalia,aglais,urticae,Nässelfjäril
SBN:88212:201107,,,Sweden,SE,Östergötlands län,SBN:recorderId:266,Aphantopus hyperantus,Animalia,Aphantopus,hyperantus,Luktgräsfjäril
SBN:88212:201065,58.2096,14.7479,Sweden,SE,Östergötlands län,SBN:recorderId:266,Argynnis paphia,Animalia,Argynnis,paphia,Silverstreckad pärlemorfjäril
SBN:88212:201148,58.2096,14.7479,Sweden,SE,Östergötlands län,SBN:recorderId:266,Aricia artaxerxes,Animalia,Aricia,artaxerxes,Midsommarblåvinge
SBN:88212:201075,58.21067,14.74661,Sweden,SE,Östergötlands län,SBN:recorderId:266,Boloria selene,Animalia,Boloria,selene,Brunfläckig pärlemorfjäril
SBN:88212:201071,,,Sweden,SE,Östergötlands län,SBN:recorderId:266,Brenthis ino,Animalia,Brenthis,ino,Älggräspärlemorfjäril
SBN:88212:201110,,,Sweden,SE,Östergötlands län,SBN:recorderId:266,Coenonympha arcania,Animalia,Coenonympha,arcania,Pärlgräsfjäril
SBN:88212:201143,58.2093,14.74661,Sweden,SE,Östergötlands län,SBN:recorderId:266,Cyaniris semiargus,Animalia,Cyaniris,semiargus,Ängsblåvinge
SBN:88212:201051,58.2096,14.7479,Sweden,SE,län Östergötlands,SBN:recorderId:266,Gonepteryx rhamni,Animalia,Gonepteryx,rhamni,Citronfjäril
SBN:88212:1000503,,,Sweden,SE,län Östergötlands,SBN:recorderId:266,Heliconiinae spp,Animalia,Heliconiinae,,Obestämd pärlemorfjäril
SBN:88212:2001250,58.21067,14.74661,Sweden,SE,län Östergötlands,SBN:recorderId:266,Hesperiidae sp1,Animalia,Hesperiidae,,Obestämd tjockhuvudfjäril
SBN:88212:201115,58.21067,14.74661,Sweden,SE,Östergötlands län,SBN:recorderId:266,Lasiommata maera,Animalia,Lasiommata,maera,Vitgräsfjäril
SBN:88212:102923,58.2096,14.7479,Sweden,SE,Östergötlands län,SBN:recorderId:266,Lycaena hippothoe,Animalia,Lycaena,hippothoe,Violettkantad guldvinge
SBN:88212:201104,,,Sweden,SE,Östergötlands län,SBN:recorderId:266,Maniola jurtina,Animalia,Maniola,jurtina,Slåttergräsfjäril
SBN:88212:201086,,,Sweden,SE,Östergötlands län,SBN:recorderId:266,Melitaea athalia,Animalia,Melitaea,athalia,Skogsnätfjäril
SBN:88212:201031,58.2096,14.7479,Sweden,SE,Östergötlands län,SBN:recorderId:266,Ochlodes sylvanus,Animalia,Ochlodes,sylvanus,Ängssmygare
SBN:88212:2001252,58.2093,14.74661,Sweden,SE,Östergötlands län,SBN:recorderId:266,Pieridae sp1,Animalia,Pieridae,,Obestämd vitfjäril
SBN:88212:201039,58.21067,14.74661,Sweden,SE,Östergötlands län,SBN:recorderId:266,Pieris brassicae,Animalia,Pieris,brassicae,Kålfjäril
SBN:88212:201041,58.2093,14.74661,Sweden,SE,Östergötlands län,SBN:recorderId:266,Pieris napi,Animalia,Pieris,napi,Rapsfjäril
SBN:88212:201040,58.2096,14.7479,Sweden,SE,Östergötlands län,SBN:recorderId:266,Pieris rapae,Animalia,Pieris,rapae,Rovfjäril
SBN:88212:236584,58.21067,14.74661,Sweden,SE,Östergötlands län,SBN:recorderId:266,Plebejus argus/idas,Animalia,Plebejus,argus/idas,Ljungblåvinge/Hedblåvinge
SBN:88212:201063,58.21067,14.74661,Sweden,SE,Östergötlands län,SBN:recorderId:266,Polygonia c-album,Animalia,Polygonia,c-album,Vinbärsfuks
SBN:88212:1008294,58.2096,14.7479,Sweden,SE,Östergötlands län,SBN:recorderId:266,Polyommatini sp1,Animalia,Polyommatini,,Obestämd blåvinge
SBN:88212:201146,58.2093,14.74661,Sweden,SE,Östergötlands län,SBN:recorderId:266,Polyommatus amandus,Animalia,Polyommatus,amandus,Silverblåvinge
SBN:88212:201144,58.2093,14.74661,Sweden,SE,Östergötlands län,SBN:recorderId:266,Polyommatus Icarus,Animalia,Polyommatus,icarus,Puktörneblåvinge
SBN:88212:201067,,,Sweden,SE,Östergötlands län,SBN:recorderId:266,Speyeria aglaja,Animalia,Speyeria,aglaja,Ängspärlemorfjäril
SBN:88212:201028,58.21067,14.74661,Sweden,SE,Östergötlands län,SBN:recorderId:266,Thymelicus lineola,Animalia,Thymelicus,lineola,Mindre tåtelsmygare
SBN:88212:102018,58.2093,14.74661,Sweden,SE,Östergötlands län,SBN:recorderId:266,Zygaena lonicerae,Animalia,Zygaena,lonicerae,Bredbrämad bastardsvärmare
SBN:88212:102020,58.2093,14.74661,Sweden,SE,Östergötlands län,SBN:recorderId:266,Zygaena osterodensis,Animalia,Zygaena,osterodensis,Smalsprötad bastardsvärmare
SBN:88212:2001255,58.2093,14.74661,Sweden,SE,Östergötlands län,SBN:recorderId:266,Zygaenidae spp,Animalia,Zygaenidae,,Obestämd bastardsvärmare
SBN:2083:102366,,,Sweden,SE,Skåne   län,SBN:recorderId:215,Adscita statices,Animalia,Adscita,statices,Ängsmetallvinge
SBN:2083:201062,55.77298,14.12219,Sweden ,SE,Skåne   län,SBN:recorderId:215,Aglais urticae,Animals,aglais,urticae,Nässelfjäril
SBN:2083:201107,55.77298,14.12219,Sweden,SE,Skåne   län,SBN:recorderId:215,Aphantopus hyperantus,Animalia,Aphantopus,hyperantus,Luktgräsfjäril
SBN:2083:201064,55.77579,14.121148,Sweden,SE,Skåne   län,SBN:recorderId:215,Araschnia levana,Animalia,Araschnia,levana,Kartfjäril
SBN:2083:201065,55.77298,14.12219,Sweden,SE,Skåne   län,SBN:recorderId:215,Argynnis paphia,Animalia,Argynnis,paphia,Silverstreckad pärlemorfjäril
SBN:2083:201075,,,Sweden,SE,Skåne   län,SBN:recorderId:215,Boloria selene,Animalia,Boloria,selene,Brunfläckig pärlemorfjäril
SBN:2083:201071,55.77298,14.12219,Sweden,SE,Skåne   län,SBN:recorderId:215,Brenthis  ino,Animalia,Brenthis,ino,Älggräspärlemorfjäril
SBN:2083:100527,,,Sweden,SE,Skåne   län,SBN:recorderId:215,Callimorpha dominula,Animalia,Callimorpha,dominula,Fläckig glansspinnare
SBN:2083:201109,55.77298,14.12219,Sweden,SE,Skåne   län,SBN:recorderId:215,Coenonympha pamphilus,Animalia,Coenonympha,pamphilus,Kamgräsfjäril
SBN:2083:100977,55.77298,14.12219,Sweden,SE,Skåne   län,SBN:recorderId:215,Fabriciana niobe,Animalia,Fabriciana,niobe,Hedpärlemorfjäril
SBN:2083:201051,55.77298,14.12219,Sweden,SE,Skåne   län,SBN:recorderId:215,Gonepteryx rhamni,Animalia,Gonepteryx,rhamni,Citronfjäril
SBN:2083:201094,55.77579,14.121148,Sweden,SE,Skåne   län,SBN:recorderId:215,Hipparchia semele,Animalia,Hipparchia,semele,Sandgräsfjäril
SBN:2083:201070,55.77579,14.121148,Sweden,SE,Skåne   län,SBN:recorderId:215,Issoria lathonia,Animalia,Issoria,lathonia,Storfläckig pärlemorfjäril
SBN:2083:201126,55.77298,14.12219,Sweden,SE,Skåne   län,SBN:recorderId:215,Lycaena phlaeas,Animalia,Lycaena,phlaeas,Mindre guldvinge
SBN:2083:201129,,,Sweden,SE,Skåne   län,SBN:recorderId:215,Lycaena virgaureae,Animalia,Lycaena,virgaureae,Vitfläckig guldvinge
SBN:2083:201104,,,Sweden,SE,Skåne   län,SBN:recorderId:215,Maniola jurtina,Animalia,Maniola,jurtina,Slåttergräsfjäril
SBN:2083:201086,55.77298,14.12219,Sweden,SE,Skåne   län,SBN:recorderId:215,Melitaea athalia,Animalia,Melitaea,athalia,Skogsnätfjäril
SBN:2083:201031,55.77378,14.11979,Sweden,SE,Skåne   län,SBN:recorderId:215,Ochlodes sylvanus,Animalia,Ochlodes,sylvanus,Ängssmygare
SBN:2083:101260,55.77378,14.11979,Sweden,SE,Skåne   län,SBN:recorderId:215,Phengaris arion,Animalia,Phengaris,arion,Svartfläckig blåvinge
SBN:2083:201039,55.77298,14.12219,Sweden,SE,Skåne   län,SBN:recorderId:215,Pieris brassicae,Animalia,Pieris,brassicae,Kålfjäril
SBN:2083:201041,,,Sweden,SE,Skåne   län,SBN:recorderId:215,Pieris napi,Animalia,Pieris,napi,Rapsfjäril
SBN:2083:236584,55.77579,14.121148,Sweden,SE,Skåne   län,SBN:recorderId:215,Plebejus argus/idas,Animalia,Plebejus,argus/idas,Ljungblåvinge/Hedblåvinge
SBN:2083:201153,55.77378,14.11979,Sweden,SE,Skåne   län,SBN:recorderId:215,Plebejus idas,Animalia,Plebejus,idas,Hedblåvinge
SBN:2083:201063,55.77298,14.12219,Sweden,SE,Skåne   län,SBN:recorderId:215,Polygonia c-album,Animals,Polygonia,c-album,Vinbärsfuks
SBN:2083:1008294,55.77298,14.12219,Sweden,SE,Skåne   län,SBN:recorderId:215,Polyommatini SP2,Animalia,Polyommatini,,Obestämd blåvinge
SBN:2083:201144,55.77579,14.121148,Sweden,SE,Skåne   län,SBN:recorderId:215,Polyommatus icarus,Animalia,Polyommatus,icarus,Puktörneblåvinge
SBN:2083:101732,55.77579,14.121148,Sweden,SE,Skåne   län,SBN:recorderId:215,Satyrium ilicis,Animalia,Satyrium,ilicis,Krattsnabbvinge
SBN:2083:201067,,,Sweden ,SE,Skåne   län,SBN:recorderId:215,Speyeria aglaja,Animalia,Speyeria,aglaja,Ängspärlemorfjäril
SBN:2083:201028,,,Sweden,SE,Skåne   län,SBN:recorderId:215,Thymelicus lineola,Animalia,Thymelicus,lineola,Mindre tåtelsmygare
SBN:2083:201060,55.77378,14.11979,Sweden,SE,Skåne   län,SBN:recorderId:215,Vanessa atalanta,Animalia,Vanessa,atalanta,Amiral
SBN:2083:201164,55.77298,14.12219,Sweden,SE,Skåne   län,SBN:recorderId:215,Zygaena filipendulae,Animalea,Zygaena,filipendulae,Sexfläckig bastardsvärmare
SBN:2083:102018,55.77579,14.121148,Sweden ,SE,Skåne   län,SBN:recorderId:215,Zygaena lonicerae,Animalia,Zygaena,lonicerae,Bredbrämad bastardsvärmare
SBN:2083:102021,,,Sweden ,SE,Skåne   län,SBN:recorderId:215,Zygaena viciae,Animalia,Zygaena,viciae,Mindre bastardsvärmare
SBN:2084:201059,,,Sweden ,SE,Skåne   län,SBN:recorderId:215,Aglais io,Animalia,aglais,io,Påfågelöga
SBN:2084:201062,55.77579,14.121148,Sweden ,SE,Skåne   län,SBN:recorderId:215,Aglais urticae,Animalia,aglais,urticae,Nässelfjäril
SBN:2084:201107,,,Sweden ,SE,Skåne   län,SBN:recorderId:215,Aphantopus hyperantus,Animalia,Aphantopus,hyperantus,Luktgräsfjäril
SBN:2084:201065,55.77579,14.121148,Sweden ,SE,Skåne   län,SBN:recorderId:215,Argynnis paphia,Animalia,Argynnis,paphia,Silverstreckad pärlemorfjäril
SBN:2084:100398,55.77579,14.121148,Sweden ,SE,Skåne län,SBN:recorderId:215,Aricia agestis,Animalia,Aricia,agestis,Rödfläckig blåvinge
SBN:2084:201071,55.77378,14.11979,Sweden ,SE,Skåne län,SBN:recorderId:215,Brenthis  ino,Animalia,Brenthis,ino,Älggräspärlemorfjäril
SBN:2084:100527,55.77298,14.12219,Sweden ,SE,Skåne län,SBN:recorderId:215,Callimorpha dominula,Animalia,Callimorpha,dominula,Fläckig glansspinnare
SBN:2084:201137,55.77298,14.12219,Sweden ,SE,Skåne län,SBN:recorderId:215,Celastrina argiolus,Animalia,Celastrina,argiolus,Tosteblåvinge
SBN:2084:201109,,,Sweden ,SE,Skåne län,SBN:recorderId:215,Coenonympha pamphilus,Animalia,Coenonympha,pamphilus,Kamgräsfjäril
SBN:2084:100977,55.77579,14.121148,Sweden,SE,Skåne län,SBN:recorderId:215,Fabriciana niobe,Animalia,Fabriciana,niobe,Hedpärlemorfjäril
SBN:2084:201051,,,Sweden,SE,Skåne län,SBN:recorderId:215,Gonepteryx rhamni,Animalia,Gonepteryx,rhamni,Citronfjäril
SBN:2084:1000503,55.77298,14.12219,Sweden,SE,Skåne län,SBN:recorderId:215,Heliconiinae spp,Animalia,Heliconiinae,,Obestämd pärlemorfjäril
SBN:2084:101070,,,Sweden,SE,Skåne län,SBN:recorderId:215,Hesperia comma,Animalia,Hesperia,comma,Silversmygare
SBN:2084:201094,55.77298,14.12219,Sweden,SE,Skåne län,SBN:recorderId:215,Hipparchia semele,Animalia,Hipparchia,semele,Sandgräsfjäril
SBN:2084:201070,55.77378,14.11979,Sweden,SE,Skåne län,SBN:recorderId:215,Issoria lathonia,Animalia,Issoria,lathonia,Storfläckig pärlemorfjäril
SBN:2084:201126,55.77378,14.11979,Sweden,SE,Skåne län,SBN:recorderId:215,Lycaena phlaeas,Animalia,Lycaena,phlaeas,Mindre guldvinge
SBN:2084:201129,55.77579,14.121148,Sweden,SE,Skåne län,SBN:recorderId:215,Lycaena virgaureae,Animalia,Lycaena,virgaureae,Vitfläckig guldvinge
SBN:2084:201104,,,Sweden,SE,Skåne län,SBN:recorderId:215,Maniola jurtina,Animalia,Maniola,jurtina,Slåttergräsfjäril
SBN:2084:201031,55.77579,14.121148,Sweden,SE,Skåne län,SBN:recorderId:215,Ochlodes sylvanus,Animalia,Ochlodes,sylvanus,Ängssmygare
SBN:2084:101260,,,Sweden,SE,Skåne län,SBN:recorderId:215,Phengaris arion,Animalia,Phengaris,arion,Svartfläckig blåvinge
SBN:2084:2001252,55.77298,14.12219,Sweden,SE,Skåne län,SBN:recorderId:215,Pieridae spp,Animalia,Pieridae,,Obestämd vitfjäril
SBN:2084:201041,,,Sweden,SE,Skåne län,SBN:recorderId:215,Pieris napi,Animalia,Pieris,napi,Rapsfjäril
SBN:2084:201040,55.77298,14.12219,Sweden,SE,Skåne län,SBN:recorderId:215,Pieris rapae,Animalia,Pieris,rapae,Rovfjäril
SBN:2084:236584,55.77298,14.12219,Sweden,SE,Skåne län,SBN:recorderId:215,Plebejus argus/idas,Animalia,Plebejus,argus/idas,Ljungblåvinge/Hedblåvinge
SBN:2084:201153,55.77579,14.121148,Sweden,SE,Skåne län,SBN:recorderId:215,Plebejus idas,Animalia,Plebejus,idas,Hedblåvinge
SBN:2084:201144,,,Sweden,SE,Skåne län,SBN:recorderId:215,Polyommatus Icarus,Animalia,Polyommatus,icarus,Puktörneblåvinge
SBN:2084:101732,55.77579,14.121148,Sweden,SE,Skåne län,SBN:recorderId:215,Satyrium ilicis,Animalia,Satyrium,ilicis,Krattsnabbvinge
SBN:2084:201067,55.77579,14.121148,Sweden,SE,Skåne län,SBN:recorderId:215,Speyeria aglaja,Animalia,Speyeria,aglaja,Ängspärlemorfjäril
SBN:2084:201028,55.77298,14.12219,Sweden,SE,Skåne län,SBN:recorderId:215,Thymelicus lineola,Animalia,Thymelicus,lineola,Mindre tåtelsmygare
SBN:2084:201164,,,Sweden,SE,Skåne län,SBN:recorderId:215,Zygaena filipendulae,Animalia,Zygaena,filipendulae,Sexfläckig bastardsvärmare
SBN:2084:102018,55.77298,14.12219,Sweden  ,SE,Skåne län,SBN:recorderId:215,Zygaena lonicerae,Animalia,Zygaena,lonicerae,Bredbrämad bastardsvärmare
SBN:71462:102366,55.77298,14.12219,Sweden,SE,Skåne län,SBN:recorderId:215,Adscita statices,Animalia,Adscita,statices,Ängsmetallvinge
SBN:71462:201062,55.77579,14.121148,Sweden,SE,Skåne län,SBN:recorderId:215,Aglais urticae,Animalia,aglais,urticae,Nässelfjäril
SBN:71462:201107,,,Sweden,SE,Skåne län,SBN:recorderId:215,Aphantopus hyperantus,Animalia,Aphantopus,hyperantus,Luktgräsfjäril
SBN:71462:201065,55.77298,14.12219,Sweden,SE,Skåne län,SBN:recorderId:215,Argynnis paphia,Animalia,Argynnis,paphia,Silverstreckad pärlemorfjäril
SBN:71462:201075,,,Sweden,SE,Skåne län,SBN:recorderId:215,Boloria selene,Animalia,Boloria,selene,Brunfläckig pärlemorfjäril
SBN:71462:201071,,,Sweden,SE,Skåne län,SBN:recorderId:215,Brenthis ino,Animalia,Brenthis,ino,Älggräspärlemorfjäril
SBN:71462:201109,,,Sweden,SE,Skåne län,SBN:recorderId:215,Coenonympha pamphilus,Animalia,Coenonympha,pamphilus,Kamgräsfjäril
SBN:71462:100770,55.77298,14.12219,Sweden,SE,Skåne län,SBN:recorderId:215,Cupido minimus,Animalia,Cupido,minimus,Mindre blåvinge
SBN:71462:201143,55.77298,14.12219,Sweden,SE,Skåne län,SBN:recorderId:215,Cyaniris semiargus,Animalia,Cyaniris,semiargus,Ängsblåvinge
SBN:71462:201068,55.77378,14.11979,Sweden,SE,Skåne län,SBN:recorderId:215,Fabriciana adippe,Animalia,Fabriciana,adippe,Skogspärlemorfjäril
SBN:71462:100977,,,Sweden,SE,Skåne län,SBN:recorderId:215,Fabriciana niobe,Animalia,Fabriciana,niobe,Hedpärlemorfjäril
SBN:71462:201121,55.77298,14.12219,Sweden,SE,Skåne län,SBN:recorderId:215,Favonius quercus,Animalia,Favonius,quercus,Eksnabbvinge
SBN:71462:201051,55.77378,14.11979,Sweden,SE,Skåne län,SBN:recorderId:215,Gonepteryx rhamni,Animalia,Gonepteryx,rhamni,Citronfjäril
SBN:71462:201126,55.77378,14.11979,Sweden,SE,Skåne län,SBN:recorderId:215,Lycaena phlaeas,Animalia,Lycaena,phlaeas,Mindre guldvinge
SBN:71462:201129,55.77579,14.121148,Sweden,SE,Skåne län,SBN:recorderId:215,Lycaena virgaureae,Animalia,Lycaena,virgaureae,Vitfläckig guldvinge
SBN:71462:201104,,,Sweden,SE,Skåne län,SBN:recorderId:215,Maniola jurtina,Animalia,Maniola,jurtina,Slåttergräsfjäril
SBN:71462:201086,,,Sweden,SE,Skåne län,SBN:recorderId:215,Melitaea athalia,Animalia,Melitaea,athalia,Skogsnätfjäril
SBN:71462:101298,55.77579,14.121148,Sweden,SE,Skåne län,SBN:recorderId:215,Melitaea diamina,Animalia,Melitaea,diamina,Sotnätfjäril
SBN:71462:101260,55.77579,14.121148,Sweden,SE,Skåne län,SBN:recorderId:215,Phengaris arion,Animalia,Phengaris,arion,Svartfläckig blåvinge
SBN:71462:201041,55.77378,14.11979,Sweden,SE,Skåne län,SBN:recorderId:215,Pieris napi,Animalia,Pieris,napi,Rapsfjäril
SBN:71462:201040,55.77378,14.11979,Sweden,SE,Skåne län,SBN:recorderId:215,Pieris rapae,Animalia,Pieris,rapae,Rovfjäril
SBN:71462:201152,55.77378,14.11979,Sweden,SE,Skåne län,SBN:recorderId:215,Plebejus argus,Animalia,Plebejus,argus,Ljungblåvinge
SBN:71462:201153,55.77298,14.12219,Sweden,SE,Skåne län,SBN:recorderId:215,Plebejus idas,Animalia,Plebejus,idas,Hedblåvinge
SBN:71462:201146,55.77298,14.12219,Sweden,SE,Skåne län,SBN:recorderId:215,Polyommatus amandus,Animalia,Polyommatus,amandus,Silverblåvinge
SBN:71462:201067,,,Sweden,SE,Skåne län,SBN:recorderId:215,Speyeria aglaja,Animalia,Speyeria,aglaja,Ängspärlemorfjäril
SBN:71462:201028,55.77298,14.12219,Sweden,SE,Skåne län,SBN:recorderId:215,Thymelicus lineola,Animalia,Thymelicus,lineola,Mindre tåtelsmygare
SBN:71462:201060,55.77579,14.121148,Sweden,SE,Skåne län,SBN:recorderId:215,Vanessa atalanta,Animalia,Vanessa,atalanta,Amiral
SBN:71462:201164,55.77298,14.12219,Sweden,SE,Skåne län,SBN:recorderId:215,Zygaena filipendulae,Animalia,Zygaena,filipendulae,Sexfläckig bastardsvärmare
SBN:71462:102018,,,Sweden,SE,Skåne län,SBN:recorderId:215,Zygaena lonicerae,Animalia,Zygaena,lonicerae,Bredbrämad bastardsvärmare
SBN:71462:102021,,,Sweden,SE,Skåne län,SBN:recorderId:215,Zygaena viciae,Animalia,Zygaena,viciae,Mindre bastardsvärmare
SBN:104785:201151,59.553285,18.335401,Sweden,SE,Stockholms län,SBN:recorderId:308|SBN:recorderId:558,Agriades optilete,Animalia,Agriades,optilete,Violett blåvinge
SBN:104785:100328,59.55292,18.333422,Sweden,SE,Stockholms län,SBN:recorderId:308|SBN:recorderId:558,Apatura iris,Animalia,Apatura,iris,Sälgskimmerfjäril
SBN:104785:201107,,,Sweden,SE,Stockholms län,SBN:recorderId:308|SBN:recorderId:558,Aphantopus hyperantus,Animalia,Aphantopus,hyperantus,Luktgräsfjäril
SBN:104785:201065,,,Sweden,SE,Stockholms län,SBN:recorderId:308|SBN:recorderId:558,Argynnis paphia,Animalia,Argynnis,paphia,Silverstreckad pärlemorfjäril
SBN:104785:201148,,,Sweden,SE,Stockholms län,SBN:recorderId:308|SBN:recorderId:558,Aricia artaxerxes,Animalia,Aricia,artaxerxes,Midsommarblåvinge
SBN:104785:201072,59.55292,18.333422,Sweden,SE,Stockholms län,SBN:recorderId:308|SBN:recorderId:558,Boloria aquilonaris,Animalia,Boloria,aquilonaris,Myrpärlemorfjäril
SBN:104785:201075,59.55292,18.333422,Sweden,SE,Stockholms län,SBN:recorderId:308|SBN:recorderId:558,Boloria selene,Animalia,Boloria,selene,Brunfläckig pärlemorfjäril
SBN:104785:201071,,,Sweden,SE,Stockholms län,SBN:recorderId:308|SBN:recorderId:558,Brenthis ino,Animalia,Brenthis,ino,Älggräspärlemorfjäril
SBN:104785:201110,,,Sweden,SE,Stockholms län,SBN:recorderId:308|SBN:recorderId:558,Coenonympha arcania,Animalia,Coenonympha,arcania,Pärlgräsfjäril
SBN:104785:201045,59.552917,18.335401,Sweden,SE,Stockholms län,SBN:recorderId:308|SBN:recorderId:558,Colias palaeno,Animalia,Colias,palaeno,Svavelgul höfjäril
SBN:104785:201143,,,Sweden,SE,Stockholms län,SBN:recorderId:308|SBN:recorderId:558,Cyaniris semiargus,Animalia,Cyaniris,semiargus,Ängsblåvinge
SBN:104785:201099,,,Sweden,SE,Stockholms län,SBN:recorderId:308|SBN:recorderId:558,Erebia ligea,Animalia,Erebia,ligea,Skogsgräsfjäril
SBN:104785:201068,,,Sweden,SE,Stockholms län,SBN:recorderId:308|SBN:recorderId:558,Fabriciana adippe,Animalia,Fabriciana,adippe,Skogspärlemorfjäril
SBN:104785:100995,59.553285,18.335401,Sweden,SE,Stockholms län,SBN:recorderId:308|SBN:recorderId:558,Glaucopsyche alexis,Animalia,Glaucopsyche,alexis,Klöverblåvinge
SBN:104785:201051,,,Sweden,SE,Stockholms län,SBN:recorderId:308|SBN:recorderId:558,Gonepteryx rhamni,Animalia,Gonepteryx,rhamni,Citronfjäril
SBN:104785:201070,59.553285,18.335401,Sweden,SE,Stockholms län,SBN:recorderId:308|SBN:recorderId:558,Issoria lathonia,Animalea,Issoria,lathonia,Storfläckig pärlemorfjäril
SBN:104785:201115,,,Sweden,SE,Stockholms län,SBN:recorderId:308|SBN:recorderId:558,Lasiommata maera,Animalia,Lasiommata,maera,Vitgräsfjäril
SBN:104785:201086,,,Sweden,SE,Stockholms län,SBN:recorderId:308|SBN:recorderId:558,Melitaea athalia,Animalia,Melitaea,athalia,Skogsnätfjäril
SBN:104785:201031,,,Sweden,SE,Stockholms län,SBN:recorderId:308|SBN:recorderId:558,Ochlodes sylvanus,Animalia,Ochlodes,sylvanus,Ängssmygare
SBN:104785:201039,59.55292,18.333422,Sweden,SE,Stockholms län,SBN:recorderId:308|SBN:recorderId:558,Pieris brassicae,Animalia,Pieris,brassicae,Kålfjäril
SBN:104785:201040,,,Sweden,SE,Stockholms län,SBN:recorderId:308|SBN:recorderId:558,Pieris napi,Animalia,Pieris,napi,Rapsfjäril
SBN:104785:201040,59.552917,18.335401,Sweden,SE,Stockholms län,SBN:recorderId:308|SBN:recorderId:558,Pieris rapae,Animalia,Pieris,rapae,Rovfjäril
SBN:104785:201152,,,Sweden,SE,Stockholms län,SBN:recorderId:308|SBN:recorderId:558,Plebejus argus,Animalia,Plebejus,argus,Ljungblåvinge
SBN:104785:201153,,,Sweden,SE,Stockholms län,SBN:recorderId:308|SBN:recorderId:558,Plebejus idas,Animalia,Plebejus,idas,Hedblåvinge
SBN:104785:201146,59.553285,18.335401,Sweden,SE,Stockholms län,SBN:recorderId:308|SBN:recorderId:558,Polyommatus amandus,Animalia,Polyommatus,amandus,Silverblåvinge
SBN:104785:201144,,,Sweden,SE,Stockholms län,SBN:recorderId:308|SBN:recorderId:558,Polyommatus icarus,Animalia,Polyommatus,icarus,Puktörneblåvinge
SBN:104785:201067,,,Sweden,SE,Stockholms län,SBN:recorderId:308|SBN:recorderId:558,Speyeria aglaja,Animalia,Speyeria,aglaja,Ängspärlemorfjäril
SBN:104785:201028,,,Sweden,SE,Stockholms län,SBN:recorderId:308|SBN:recorderId:558,Thymelicus lineola,Animalia,Thymelicus,lineola,Mindre tåtelsmygare
SBN:86023:201059,59.552917,18.335401,Sweden,SE,Stockholms län,SBN:recorderId:308|SBN:recorderId:558,Aglais io,Animalia,aglais,io,Påfågelöga
SBN:86023:201062,59.55292,18.333422,Sweden,SE,Stockholms län,SBN:recorderId:308|SBN:recorderId:558,Aglais urticae,Animalia,aglais,urticae,Nässelfjäril
SBN:86023:201151,59.552917,18.335401,Sweden,SE,Stockholms län,SBN:recorderId:308|SBN:recorderId:558,Agriades optilete,Animalia,Agriades,optilete,Violett blåvinge
SBN:86023:201107,,,Sweden,SE,Stockholms län,SBN:recorderId:308|SBN:recorderId:558,Aphantopus hyperantus,Animalia,Aphantopus,hyperantus,Luktgräsfjäril
SBN:86023:201065,,,Sweden,SE,Stockholms län,SBN:recorderId:308|SBN:recorderId:558,Argynnis paphia,Animalia,Argynnis,paphia,Silverstreckad pärlemorfjäril
SBN:86023:201148,,,Sweden,SE,Stockholms län,SBN:recorderId:308|SBN:recorderId:558,Aricia artaxerxes,Animalia,Aricia,artaxerxes,Midsommarblåvinge
SBN:86023:201075,59.55292,18.333422,Sweden,SE,Stockholms län,SBN:recorderId:308|SBN:recorderId:558,Boloria selene,Animalia,Boloria,selene,Brunfläckig pärlemorfjäril
SBN:86023:201071,,,Sweden,SE,Stockholms län,SBN:recorderId:308|SBN:recorderId:558,Brenthis ino,Animalia,Brenthis,ino,Älggräspärlemorfjäril
SBN:86023:201110,59.553285,18.335401,Sweden,SE,Stockholmslän,SBN:recorderId:308|SBN:recorderId:558,Coenonympha arcania,Animalia,Coenonympha,arcania,Pärlgräsfjäril
SBN:86023:201109,59.55292,18.333422,Sweden,SE,Stockholmslän,SBN:recorderId:308|SBN:recorderId:558,Coenonympha pamphilus,Animalia,Coenonympha,pamphilus,Kamgräsfjäril
SBN:86023:201143,,,Sweden,SE,Stockholmslän,SBN:recorderId:308|SBN:recorderId:558,Cyaniris semiargus,Animalia,Cyaniris,semiargus,Ängsblåvinge
SBN:86023:201099,59.553285,18.335401,Sweden,SE,Stockholmslän,SBN:recorderId:308|SBN:recorderId:558,Erebia ligea,Animalia,Erebia,ligea,Skogsgräsfjäril
SBN:86023:201068,,,Sweden,SE,Stockholmslän,SBN:recorderId:308|SBN:recorderId:558,Fabriciana adippe,Animalia,Fabriciana,adippe,Skogspärlemorfjäril
SBN:86023:201051,,,Sweden,SE,Stockholmslän,SBN:recorderId:308|SBN:recorderId:558,Gonepteryx rhamni,Animalia,Gonepteryx,rhamni,Citronfjäril
SBN:86023:201070,59.553285,18.335401,Sweden,SE,Stockholmslän,SBN:recorderId:308|SBN:recorderId:558,Issoria lathonia,Animalia,Issoria,lathonia,Storfläckig pärlemorfjäril
SBN:86023:201115,,,Sweden,SE,Stockholms län,SBN:recorderId:308|SBN:recorderId:558,Lasiommata maera,Animalia,Lasiommata,maera,Vitgräsfjäril
SBN:86023:201036,59.55292,18.333422,Sweden,SE,Stockholms län,SBN:recorderId:308|SBN:recorderId:558,Leptidea sinapis,Animalia,Leptidea,sinapis,Skogsvitvinge
SBN:86023:201104,59.55292,18.333422,Sweden,SE,Stockholms län,SBN:recorderId:308|SBN:recorderId:558,Maniola jurtina,Animalia,Maniola,jurtina,Slåttergräsfjäril
SBN:86023:201086,,,Sweden,SE,Stockholms län,SBN:recorderId:308|SBN:recorderId:558,Melitaea athalia,Animalia,Melitaea,athalia,Skogsnätfjäril
SBN:86023:201031,,,Sweden,SE,Stockholms län,SBN:recorderId:308|SBN:recorderId:558,Ochlodes sylvanus,Animalia,Ochlodes,sylvanus,Ängssmygare
SBN:86023:201039,59.552917,18.335401,Sweden,SE,Stockholms län,SBN:recorderId:308|SBN:recorderId:558,Pieris brassicae,Animalia,Pieris,brassicae,Kålfjäril
SBN:86023:201041,,,Sweden,SE,Stockholms län,SBN:recorderId:308|SBN:recorderId:558,Pieris napi,Animalia,Pieris,napi,Rapsfjäril
SBN:86023:201040,,,Sweden,SE,Stockholms län,SBN:recorderId:308|SBN:recorderId:558,Pieris rapae,Animalia,Pieris,rapae,Rovfjäril
SBN:86023:201152,,,Sweden,SE,Stockholms län,SBN:recorderId:308|SBN:recorderId:558,Plebejus argus,Animalia,Plebejus,argus,Ljungblåvinge
SBN:86023:201153,,,Sweden,SE,Stockholms län,SBN:recorderId:308|SBN:recorderId:558,Plebejus idas,Animalia,Plebejus,idas,Hedblåvinge
SBN:86023:201063,,,Sweden,SE,Stockholms län,SBN:recorderId:308|SBN:recorderId:558,Polygonia c-album,Animalia,Polygonia,c-album,Vinbärsfuks
SBN:86023:201144,,,Sweden,SE,Stockholms län,SBN:recorderId:308|SBN:recorderId:558,Polyommatus Icarus,Animalia,Polyommatus,icarus,Puktörneblåvinge
SBN:86023:201067,,,Sweden,SE,Stockholms län,SBN:recorderId:308|SBN:recorderId:558,Speyeria aglaja,Animalia,Speyeria,aglaja,Ängspärlemorfjäril
SBN:86023:201028,,,Sweden,SE,Stockholms län,SBN:recorderId:308|SBN:recorderId:558,Thymelicus lineola,Animalia,Thymelicus,lineola,Mindre tåtelsmygare
SBN:86023:201164,59.552917,18.335401,Sweden,SE,Stockholms län,SBN:recorderId:308|SBN:recorderId:558,Zygaena filipendulae,Animalia,Zygaena,filipendulae,Sexfläckig bastardsvärmare
SBN:86023:102018,59.552917,18.335401,Sweden,SE,Stockholms län,SBN:recorderId:308|SBN:recorderId:558,Zygaena lonicerae,Animalia,Zygaena,lonicerae,Bredbrämad bastardsvärmare
SBN:70874:201062,,,Sweden,SE,Värmlands län,SBN:recorderId:716,Aglais urticae,Animalia,aglais,urticae,Nässelfjäril
SBN:70874:201151,59.160048,13.16162,Sweden,SE,Värmlands län,SBN:recorderId:716,Agriades optilete,Animalia,Agriades,optilete,Violett blåvinge
SBN:70874:201107,59.160048,13.16162,Sweden,SE,Värmlands län,SBN:recorderId:716,Aphantopus hyperantus,Animalia,Aphantopus,hyperantus,Luktgräsfjäril
SBN:70874:201065,59.15987,13.16192,Sweden,SE,Värmlands län,SBN:recorderId:716,Argynnis paphia,Animalia,Argynnis,paphia,Silverstreckad pärlemorfjäril
SBN:70874:201110,59.1605,13.16008,Sweden,SE,Värmlands län,SBN:recorderId:716,Coenonympha arcania,Animalia,Coenonympha,arcania,Pärlgräsfjäril
SBN:70874:201068,59.160048,13.16162,Sweden,SE,Värmlands län,SBN:recorderId:716,Fabriciana adippe,Animalia,Fabriciana,adippe,Skogspärlemorfjäril
SBN:70874:6327711,59.15987,13.16192,Sweden,SE,Värmlands län,SBN:recorderId:716,Fabriciana/Speyeria niobe/adippe/aglaja,Animalia,Fabriciana/Speyeria,niobe/adippe/aglaja,Hedpärlemorfjäril/Skogspärlemorfjäril/Ängspärlemorfjäril
SBN:70874:201051,59.15987,13.16192,Sweden,SE,Värmlands län,SBN:recorderId:716,Gonepteryx rhamni,Animalia,Gonepteryx,rhamni,Citronfjäril
SBN:70874:201094,59.160048,13.16162,Sweden,SE,Värmlands län,SBN:recorderId:716,Hipparchia semele,Animalia,Hipparchia,semele,Sandgräsfjäril
SBN:70874:201115,,,Sweden,SE,Värmlands län,SBN:recorderId:716,Lasiommata maera,Animalia,Lasiommata,maera,Vitgräsfjäril
SBN:70874:6006844,59.1605,13.16008,Sweden,SE,Värmlands län,SBN:recorderId:716,Leptidea juvernica/sinapis,Animalia,Leptidea,juvernica/sinapis,Ängsvitvinge/Skogsvitvinge
SBN:70874:201129,59.1605,13.16008,Sweden,SE,Värmlands län,SBN:recorderId:716,Lycaena virgaureae,Animalia,Lycaena,virgaureae,Vitfläckig guldvinge
SBN:70874:201104,,,Sweden,SE,Värmlands län,SBN:recorderId:716,Maniola jurtina,Animalia,Maniola,jurtina,Slåttergräsfjäril
SBN:70874:201086,,,Sweden,SE,Värmlands län,SBN:recorderId:716,Melitaea athalia,Animalia,Melitaea,athalia,Skogsnätfjäril
SBN:70874:201031,59.1605,13.16008,Sweden,SE,Värmlands län,SBN:recorderId:716,Ochlodes sylvanus,Animalia,Ochlodes,sylvanus,Ängssmygare
SBN:70874:201034,59.160048,13.16162,Sweden,SE,Värmlands län,SBN:recorderId:716,Papilio machaon,Animalia,Papilio,machaon,Makaonfjäril
SBN:70874:201039,59.15987,13.16192,Sweden,SE,Värmlands,SBN:recorderId:716,Pieris brassicae,Animalia,Pieris,brassicae,Kålfjäril
SBN:70874:201041,,,Sweden,SE,Värmlands,SBN:recorderId:716,Pieris napi,Animalia,Pieris,napi,Rapsfjäril
SBN:70874:201152,59.160048,13.16162,Sweden,SE,Värmlands,SBN:recorderId:716,Plebejus argus,Animalia,Plebejus,argus,Ljungblåvinge
SBN:70874:236584,59.160048,13.16162,Sweden,SE,Värmlands,SBN:recorderId:716,Plebejus argus/idas,Animalia,Plebejus,argus/idas,Ljungblåvinge/Hedblåvinge
SBN:70874:201153,59.15987,13.16192,Sweden,SE,Värmlands,SBN:recorderId:716,Plebejus idas,Animalia,Plebejus,idas,Hedblåvinge
SBN:70874:201146,59.160048,13.16162,Sweden,SE,Värmlands,SBN:recorderId:716,Polyommatus amandus,Animalia,Polyommatus,amandus,Silverblåvinge
SBN:70874:201144,59.160048,13.16162,Sweden,SE,Värmlands,SBN:recorderId:716,Polyommatus Icarus,Animalia,Polyommatus,icarus,Puktörneblåvinge
SBN:70874:101688,59.1605,13.16008,Sweden,SE,Värmlands,SBN:recorderId:716,Pyrgus alveus,Animalia,Pyrgus,alveus,Kattunvisslare
SBN:70874:201067,,,Sweden,SE,Värmlands,SBN:recorderId:716,Speyeria aglaja,Animalia,Speyeria,aglaja,Ängspärlemorfjäril
SBN:70874:201028,,,Sweden,SE,Värmlands,SBN:recorderId:716,Thymelicus lineola,Animalia,Thymelicus,lineola,Mindre tåtelsmygare
SBN:70874:201061,59.15987,13.16192,Sweden,SE,Värmlands,SBN:recorderId:716,Vanessa cardui,Animalia,Vanessa,cardui,Tistelfjäril
SBN:70874:201164,59.15987,13.16192,Sweden,SE,Värmlands,SBN:recorderId:716,Zygaena filipendulae,Animalia,Zygaena,filipendulae,Sexfläckig bastardsvärmare
SBN:70874:102021,59.1605,13.16008,Sweden,SE,Värmlands,SBN:recorderId:716,Zygaena viciae,Animalia,Zygaena,viciae,Mindre bastardsvärmare
SBN:5314:201062,,,Sweden,SE,Västmanlands län,SBN:recorderId:12,Aglais urticae,Animalia,aglais,urticae,Nässelfjäril
SBN:5314:201107,,,Sweden,SE,Västmanlands län,SBN:recorderId:12,Aphantopus hyperantus,Animalia,Aphantopus,hyperantus,Luktgräsfjäril
SBN:5314:201065,,,Sweden,SE,Västmanlands län,SBN:recorderId:12,Argynnis paphia,Animalia,Argynnis,paphia,Silverstreckad pärlemorfjäril
SBN:5314:201076,,,Sweden,SE,Västmanlands län,SBN:recorderId:12,Boloria euphrosyne,Animalia,Boloria,euphrosyne,Prydlig pärlemorfjäril
SBN:5314:201075,,,Sweden,SE,Västmanlands län,SBN:recorderId:12,Boloria selene,Animalia,Boloria,selene,Brunfläckig pärlemorfjäril
SBN:5314:201071,,,Sweden,SE,Västmanlands län,SBN:recorderId:12,Brenthis ino,Animalia,Brenthis,ino,Älggräspärlemorfjäril
SBN:5314:201110,,,Sweden,SE,Västmanlands län,SBN:recorderId:12,Coenonympha arcania,Animalia,Coenonympha,arcania,Pärlgräsfjäril
SBN:5314:201109,,,Sweden,SE,Västmanlands län,SBN:recorderId:12,Coenonympha pamphilus,Animalia,Coenonympha,pamphilus,Kamgräsfjäril
SBN:5314:201045,,,Sweden,SE,Västmanlands län,SBN:recorderId:12,Colias palaeno,Animalia,Colias,palaeno,Svavelgul höfjäril
SBN:5314:201143,,,Sweden,SE,Västmanlands län,SBN:recorderId:12,Cyaniris semiargus,Animalia,Cyaniris,semiargus,Ängsblåvinge
SBN:5314:201099,,,Sweden,SE,Västmanlands län,SBN:recorderId:12,Erebia ligea,Animalia,Erebia,ligea,Skogsgräsfjäril
SBN:5314:201068,,,Sweden,SE,Västmanlands län,SBN:recorderId:12,Fabriciana adippe,Animalia,Fabriciana,adippe,Skogspärlemorfjäril
SBN:5314:201051,,,Sweden,SE,Västmanlands län,SBN:recorderId:12,Gonepteryx rhamni,Animalia,Gonepteryx,rhamni,Citronfjäril
SBN:5314:201115,,,Sweden,SE,Västmanlands län,SBN:recorderId:12,Lasiommata maera,Animalia,Lasiommata,maera,Vitgräsfjäril
SBN:5314:201116,,,Sweden,SE,Västmanlands län,SBN:recorderId:12,Lasiommata petropolitana,Animalia,Lasiommata,petropolitana,Berggräsfjäril
SBN:5314:102923,,,Sweden,SE,Västmanlands län,SBN:recorderId:12,Lycaena hippothoe,Animalia,Lycaena,hippothoe,Violettkantad guldvinge
SBN:5314:201129,,,Sweden,SE,Västmanlands län,SBN:recorderId:12,Lycaena virgaureae,Animalia,Lycaena,virgaureae,Vitfläckig guldvinge
SBN:5314:201086,,,Sweden,SE,Västmanlands län,SBN:recorderId:12,Melitaea athalia,Animalia,Melitaea,athalia,Skogsnätfjäril
SBN:5314:201031,,,Sweden,SE,Västmanlands län,SBN:recorderId:12,Ochlodes sylvanus,Animalia,Ochlodes,sylvanus,Ängssmygare
SBN:5314:201113,,,Sweden,SE,Västmanlands län,SBN:recorderId:12,Pararge aegeria,Animalia,Pararge,aegeria,Kvickgräsfjäril
SBN:5314:201041,,,Sweden,SE,Västmanlands län,SBN:recorderId:12,Pieris napi,Animalia,Pieris,napi,Rapsfjäril
SBN:5314:201152,,,Sweden,SE,Västmanlands län,SBN:recorderId:12,Plebejus argus,Animalia,Plebejus,argus,Ljungblåvinge
SBN:5314:201153,,,Sweden,SE,Västmanlands län,SBN:recorderId:12,Plebejus idas,Animalia,Plebejus,idas,Hedblåvinge
SBN:5314:201146,,,Sweden,SE,Västmanlands län,SBN:recorderId:12,Polyommatus amandus,Animalia,Polyommatus,amandus,Silverblåvinge
SBN:5314:201067,,,Sweden,SE,Västmanlands län,SBN:recorderId:12,Speyeria aglaja,Animalia,Speyeria,aglaja,Ängspärlemorfjäril
SBN:5314:201028,,,Sweden,SE,Västmanlands län,SBN:recorderId:12,Thymelicus lineola,Animalia,Thymelicus,lineola,Mindre tåtelsmygare
SBN:5314:201060,,,Sweden,SE,Västmanlands län,SBN:recorderId:12,Vanessa atalanta,Animalia,Vanessa,atalanta,Amiral
SBN:5314:201164,,,Sweden,SE,Västmanlands län,SBN:recorderId:12,Zygaena filipendulae,Animalia,Zygaena,filipendulae,Sexfläckig bastardsvärmare
SBN:5314:6006842,,,Sweden,SE,Västmanlands län,SBN:recorderId:12,Zygaena viciae/lonicerae,Animalia,Zygaena,viciae/lonicerae,Mindre bastardsvärmare/Bredbrämad bastardsvärmare